Brottstyp;Samtliga;15;16;17;18;19;20;  21-24;  25-29;  30-39;  40-49;  50-59;  60-;  Ålder okänd;Kvinnor;Män; Kön okänt
SAMTLIGA BROTT;192 092;6 367;5 730;5 230;5 995;5 931;6 110;22 433;25 032;43 404;29 928;20 492;14 259;1 181;43 803;147 744;545
Brott mot brottsbalken;120 980;4 841;3 866;3 289;3 446;3 146;3 250;12 001;14 797;28 263;20 457;13 945;9 040;639;29 544;91 260;176
3-7 kap. Brott mot person;68 230;2 624;1 936;1 761;1 895;1 745;1 782;6 688;8 194;16 495;12 111;7 812;4 858;329;13 896;54 261;73
3 kap. Brott mot liv och hälsa;37 909;1 523;1 097;1 037;1 098;1 038;1 016;3 884;4 723;9 493;6 668;4 020;2 196;116;8 345;29 531;33
Fullbordat mord och dråp samt misshandel med dödlig utgång (1, 2, 5, 6 §);361;5;9;19;17;17;18;70;62;50;26;32;35;1;50;311;- 
Mot kvinna/flicka;71;- ;1;3;1;1;1;6;5;14;9;11;18;1;7;64;- 
Med användning av skjutvapen;8;- ;- ;- ;- ;1;- ;- ;- ;3;1;1;2;- ;1;7;- 
Utan användning av skjutvapen;63;- ;1;3;1;- ;1;6;5;11;8;10;16;1;6;57;- 
Mot man/pojke;291;5;8;16;16;16;17;64;57;37;17;21;17;- ;43;248;- 
Med användning av skjutvapen;144;4;6;11;12;12;10;37;33;10;4;5;- ;- ;12;132;- 
Utan användning av skjutvapen;147;1;2;5;4;4;7;27;24;27;13;16;17;- ;31;116;- 
Försök till mord eller dråp (1, 2 §);949;12;32;44;59;53;55;192;168;186;77;44;20;7;105;841;3
Mot barn under 18 år;80;5;9;8;8;3;6;17;8;10;3;2;- ;1;9;71;- 
Mot flicka under 18 år;34;3;2;4;2;- ;2;6;6;7;1;1;- ;- ;6;28;- 
Mot pojke under 18 år;57;2;7;4;7;3;6;13;7;4;2;1;- ;1;3;54;- 
Mot kvinna 18 år eller äldre;125;3;3;1;4;- ;5;15;17;30;18;19;8;2;17;107;1
Närstående genom parrelation;41;- ;1;- ;- ;- ;1;2;3;13;8;9;3;1;2;38;1
Närstående genom släktskap/familj;17;- ;- ;- ;- ;- ;2;1;- ;4;4;6;- ;- ;1;16;- 
Annan sorts relation eller bekantskap;37;1;1;1;3;- ;1;4;7;9;5;2;3;- ;11;26;- 
Obekanta;30;2;1;- ;1;- ;1;8;7;4;1;2;2;1;3;27;- 
Mot man 18 år eller äldre;766;6;21;34;48;51;46;162;146;153;57;25;13;4;81;683;2
Närstående genom parrelation;39;- ;1;- ;1;- ;1;1;10;9;9;5;2;- ;34;5;- 
Närstående genom släktskap/familj;27;- ;2;- ;1;1;1;2;4;6;3;6;- ;1;4;23;- 
Annan sorts relation eller bekantskap;276;1;3;10;9;12;15;51;57;70;32;8;8;- ;25;251;- 
Obekanta;452;5;15;24;38;40;30;114;82;77;14;7;3;3;20;430;2
Barnadråp (3 §);1;- ;- ;- ;- ;- ;- ;- ;1;- ;- ;- ;- ;- ;1;- ;- 
Misshandel inkl. grov, ej med dödlig utgång (5, 6 §);36 084;1 487;1 045;973;1 034;974;950;3 633;4 480;9 165;6 472;3 804;1 975;92;7 950;28 118;16
Misshandel mot barn 0-6 år;2 173;8;1;5;2;7;11;89;308;1 042;529;125;40;6;854;1 315;4
Misshandel mot flicka 0-6 år;967;4;- ;3;2;4;5;43;141;504;197;46;15;3;388;577;2
Bekant med offret;952;4;- ;3;2;4;5;42;140;500;191;43;15;3;383;567;2
Utomhus;43;- ;- ;- ;1;- ;- ;1;7;23;9;2;- ;- ;14;29;- 
Inomhus;916;4;- ;3;1;4;5;41;134;480;184;42;15;3;369;545;2
Obekant med offret;15;- ;- ;- ;- ;- ;- ;1;1;4;6;3;- ;- ;5;10;- 
Utomhus;8;- ;- ;- ;- ;- ;- ;- ;1;3;3;1;- ;- ;3;5;- 
Inomhus;7;- ;- ;- ;- ;- ;- ;1;- ;1;3;2;- ;- ;2;5;- 
Misshandel mot pojke 0-6 år;1 365;4;1;3;- ;3;6;50;191;624;363;88;29;3;529;834;2
Bekant med offret;1 337;2;1;3;- ;3;6;50;190;619;354;81;25;3;520;815;2
Utomhus;83;- ;1;- ;- ;- ;- ;1;13;32;22;6;7;1;30;53;- 
Inomhus;1 267;2;- ;3;- ;3;6;50;178;592;336;76;19;2;492;773;2
Obekant med offret;29;2;- ;- ;- ;- ;- ;- ;1;6;9;7;4;- ;9;20;- 
Utomhus;14;1;- ;- ;- ;- ;- ;- ;- ;3;5;4;1;- ;3;11;- 
Inomhus;15;1;- ;- ;- ;- ;- ;- ;1;3;4;3;3;- ;6;9;- 
Misshandel mot barn 7-14 år;4 746;568;189;95;67;48;44;100;235;1 455;1 277;507;144;17;1 708;3 032;6
Misshandel mot flicka 7-14 år;2 239;202;81;42;32;23;25;40;122;702;668;237;55;10;1 025;1 212;2
Bekant med offret;2 102;171;67;31;26;22;21;31;115;688;652;224;46;8;951;1 149;2
Utomhus;280;83;35;15;7;9;6;5;9;43;50;15;3;- ;156;124;- 
Inomhus;1 870;91;34;17;23;14;16;26;107;660;620;211;43;8;813;1 055;2
Obekant med offret;151;38;16;11;6;1;4;11;7;15;17;14;9;2;84;67;- 
Utomhus;101;24;12;9;5;- ;4;8;6;9;11;8;5;- ;55;46;- 
Inomhus;51;15;4;2;1;1;- ;3;1;6;6;6;4;2;29;22;- 
Misshandel mot pojke 7-14 år;2 780;380;109;59;38;25;20;66;127;858;698;299;94;7;779;1 997;4
Bekant med offret;2 338;295;77;36;22;14;11;44;111;783;629;252;60;4;727;1 607;4
Utomhus;363;159;33;11;7;4;- ;5;12;45;58;27;2;- ;37;326;- 
Inomhus;2 018;144;47;25;15;10;11;39;100;752;582;231;58;4;697;1 317;4
Obekant med offret;460;90;35;25;16;11;9;23;16;76;72;50;34;3;53;407;- 
Utomhus;343;64;27;20;13;11;8;19;13;53;51;33;28;3;37;306;- 
Inomhus;121;26;11;5;4;- ;1;4;3;23;21;17;6;- ;16;105;- 
Misshandel mot barn 15-17 år;3 796;764;574;456;287;174;103;213;135;325;451;240;64;10;872;2 919;5
Misshandel mot flicka 15-17 år;1 572;244;192;157;115;81;48;97;56;166;242;140;29;5;693;874;5
Bekant med offret;1 356;214;166;135;101;63;37;79;42;136;225;131;22;5;590;761;5
Utomhus;439;114;84;64;50;27;12;29;10;16;16;15;2;- ;229;210;- 
Inomhus;967;104;91;79;61;37;26;54;36;125;210;119;20;5;373;589;5
Obekant med offret;238;34;34;26;18;18;11;19;14;30;17;10;7;- ;119;119;- 
Utomhus;163;19;27;17;13;13;9;14;9;21;13;3;5;- ;88;75;- 
Inomhus;80;16;8;9;5;7;3;5;5;9;4;7;2;- ;36;44;- 
Misshandel mot pojke 15-17 år;2 299;534;393;311;178;99;58;121;81;164;217;103;35;5;193;2 106;- 
Bekant med offret;1 517;428;279;207;103;55;29;58;27;87;160;69;14;1;149;1 368;- 
Utomhus;734;211;176;120;62;35;19;33;9;29;28;9;2;1;44;690;- 
Inomhus;825;228;111;96;46;22;10;25;18;60;135;61;13;- ;108;717;- 
Obekant med offret;841;122;136;114;80;46;29;65;54;77;59;34;21;4;44;797;- 
Utomhus;668;95;112;86;64;38;21;56;45;64;44;27;14;2;27;641;- 
Inomhus;179;30;24;28;17;8;8;11;9;13;15;7;7;2;17;162;- 
Misshandel mot kvinna 18 år eller äldre;14 788;125;137;175;240;264;327;1 466;2 060;4 067;2 800;1 939;1 165;23;2 519;12 267;2
Närstående genom parrelation;7 558;4;5;14;37;58;106;606;1 084;2 411;1 606;1 078;542;7;195;7 362;1
Närstående genom släktskap/familj;2 289;45;43;47;54;49;53;244;276;559;435;312;170;2;487;1 802;- 
Annan sorts relation eller bekantskap;4 061;52;47;64;92;87;106;450;562;997;733;532;333;6;1 184;2 876;1
Utomhus;1 269;19;15;30;46;36;47;153;183;297;213;145;83;2;503;766;- 
Inomhus;2 900;34;34;36;48;55;61;312;395;722;540;403;256;4;720;2 179;1
Obekanta;2 113;27;46;53;68;86;85;280;317;467;291;195;190;8;753;1 360;- 
Utomhus;1 140;14;28;35;43;61;50;166;184;241;146;90;80;2;398;742;- 
Inomhus;1 005;13;18;19;26;26;37;123;140;230;149;106;112;6;367;638;- 
Misshandel mot man 18 år eller äldre;14 651;190;291;375;574;590;563;2 158;2 208;3 485;2 210;1 312;659;36;2 897;11 753;1
Närstående genom parrelation;1 739;1;5;9;20;26;28;155;261;558;404;198;73;1;1 506;233;- 
Närstående genom släktskap/familj;1 238;23;21;27;31;46;31;129;192;284;213;162;78;1;316;922;- 
Annan sorts relation eller bekantskap;5 848;72;114;129;201;215;201;881;910;1 403;879;544;283;16;760;5 087;1
Utomhus;2 804;37;65;82;129;130;114;447;410;612;403;242;125;8;250;2 554;- 
Inomhus;3 212;35;51;53;80;89;92;463;525;835;503;315;163;8;531;2 680;1
Obekanta;6 554;102;159;224;345;326;340;1 108;976;1 447;809;455;245;18;492;6 062;- 
Utomhus;4 535;80;135;181;272;252;252;749;647;962;515;322;154;14;293;4 242;- 
Inomhus;2 189;24;28;45;84;83;96;389;362;524;315;140;95;4;211;1 978;- 
Vållande till annans död (7, 10 §);126;1;1;1;2;3;6;11;9;25;15;22;25;5;28;94;4
I samband med trafikolycka;69;1;1;- ;2;3;2;8;4;12;6;12;16;2;9;58;2
I samband med arbetsolycka;14;- ;- ;- ;- ;- ;2;- ;1;2;4;2;1;2;1;11;2
Övriga fall;43;- ;- ;1;- ;- ;2;3;4;11;5;8;8;1;18;25;- 
Vållande till kroppskada eller sjukdom, inte i samband med trafikolycka (8, 10 §;581;10;9;10;5;7;7;41;53;114;91;114;111;9;217;356;8
I samband med arbetsolycka;41;- ;- ;- ;- ;1;- ;3;2;7;6;8;5;9;3;30;8
Övriga fall;540;10;9;10;5;6;7;38;51;107;85;106;106;- ;214;326;- 
Framkallande av fara för annan (9, 10 §);367;29;20;14;12;14;8;33;36;73;42;34;49;3;54;311;2
Fara som framkallats för arbetstagare;25;- ;1;- ;- ;- ;1;- ;1;9;2;6;3;2;10;13;2
Övriga fall;342;29;19;14;12;14;7;33;35;64;40;28;46;1;44;298;- 
4 kap. Brott mot frihet och frid;36 144;1 205;952;804;841;805;846;3 219;4 307;9 122;6 810;4 392;2 718;123;7 130;28 994;20
Människorov (1 §);510;6;11;21;42;39;29;110;91;102;35;20;3;1;41;469;- 
Människohandel (1 a §);63;1;- ;2;1;2;1;6;12;18;9;6;2;3;16;46;1
Människohandel för sexuella ändamål ;36;- ;- ;1;- ;1;- ;5;8;8;5;4;2;2;11;24;1
Med barn under 18 år;1;- ;- ;- ;- ;- ;- ;- ;1;- ;- ;- ;- ;- ;- ;1;- 
Med person 18 år eller äldre;35;- ;- ;1;- ;1;- ;5;7;8;5;4;2;2;11;23;1
Människohandel för tvångsarbete;10;1;- ;- ;- ;- ;- ;- ;- ;4;2;2;- ;1;2;8;- 
Med barn under 18 år;1;- ;- ;- ;- ;- ;- ;- ;- ;- ;1;- ;- ;- ;- ;1;- 
Med person 18 år eller äldre;9;1;- ;- ;- ;- ;- ;- ;- ;4;1;2;- ;1;2;7;- 
Människohandel för tiggeri;11;- ;- ;- ;- ;1;1;1;1;6;1;- ;- ;- ;3;8;- 
Med barn under 18 år;9;- ;- ;- ;- ;1;1;1;1;4;1;- ;- ;- ;2;7;- 
Med person 18 år eller äldre;2;- ;- ;- ;- ;- ;- ;- ;- ;2;- ;- ;- ;- ;1;1;- 
Människohandel för organhandel;- ;- ;- ;- ;- ;- ;- ;- ;- ;- ;- ;- ;- ;- ;- ;- ;- 
Med barn under 18 år;- ;- ;- ;- ;- ;- ;- ;- ;- ;- ;- ;- ;- ;- ;- ;- ;- 
Med person 18 år eller äldre;- ;- ;- ;- ;- ;- ;- ;- ;- ;- ;- ;- ;- ;- ;- ;- ;- 
Människohandel för krigstjänst;- ;- ;- ;- ;- ;- ;- ;- ;- ;- ;- ;- ;- ;- ;- ;- ;- 
Med barn under 18 år;- ;- ;- ;- ;- ;- ;- ;- ;- ;- ;- ;- ;- ;- ;- ;- ;- 
Med person 18 år eller äldre;- ;- ;- ;- ;- ;- ;- ;- ;- ;- ;- ;- ;- ;- ;- ;- ;- 
Människohandel för övriga ändamål;6;- ;- ;1;1;- ;- ;- ;3;- ;1;- ;- ;- ;- ;6;- 
Med barn under 18 år;5;- ;- ;1;1;- ;- ;- ;2;- ;1;- ;- ;- ;- ;5;- 
Med person 18 år eller äldre;1;- ;- ;- ;- ;- ;- ;- ;1;- ;- ;- ;- ;- ;- ;1;- 
Människoexploatering inkl. grovt (1 b §);41;1;- ;2;- ;- ;- ;1;1;7;18;9;- ;2;10;31;- 
Människoexploatering för tvångsarbete;27;- ;- ;- ;- ;- ;- ;1;1;5;10;8;- ;2;5;22;- 
Med barn under 18 år;3;- ;- ;- ;- ;- ;- ;- ;- ;1;2;- ;- ;- ;1;2;- 
Med person 18 år eller äldre;24;- ;- ;- ;- ;- ;- ;1;1;4;8;8;- ;2;4;20;- 
Människoexploatering för tiggeri;15;1;- ;2;- ;- ;- ;- ;- ;2;9;1;- ;- ;5;10;- 
Med barn under 18 år;10;- ;- ;1;- ;- ;- ;- ;- ;1;7;1;- ;- ;4;6;- 
Med person 18 år eller äldre;5;1;- ;1;- ;- ;- ;- ;- ;1;2;- ;- ;- ;1;4;- 
Olaga frihetsberövande (2 §);997;15;9;32;33;35;35;108;148;271;182;77;49;3;168;829;- 
Mot barn under 18 år;255;13;5;17;13;11;11;12;15;77;55;17;9;- ;73;182;- 
Mot flicka under 18 år;127;4;1;5;5;8;9;4;12;35;31;9;4;- ;38;89;- 
Mot pojke under 18 år;143;9;4;12;8;3;2;8;6;48;28;10;5;- ;41;102;- 
Mot kvinna 18 år eller äldre;501;2;1;4;6;9;12;54;92;139;100;50;30;2;49;452;- 
Närstående genom parrelation;271;- ;- ;- ;4;4;4;38;55;88;51;20;6;1;2;269;- 
Närstående genom släktskap/familj;85;2;1;2;- ;- ;3;3;10;13;22;16;13;- ;30;55;- 
Annan sorts relation eller bekantskap;115;- ;- ;2;- ;2;2;11;19;35;24;10;9;1;13;102;- 
Obekanta;37;- ;- ;- ;2;3;4;3;8;6;5;4;2;- ;5;32;- 
Mot man 18 år eller äldre;266;- ;3;14;14;17;16;42;45;62;31;11;10;1;47;219;- 
Närstående genom parrelation;12;- ;- ;- ;- ;- ;1;- ;1;4;3;1;2;- ;11;1;- 
Närstående genom släktskap/familj;20;- ;- ;1;- ;- ;1;1;5;4;3;4;1;- ;2;18;- 
Annan sorts relation eller bekantskap;103;- ;- ;3;6;8;4;18;17;25;13;4;5;- ;17;86;- 
Obekanta;131;- ;3;10;8;9;10;23;22;29;12;2;2;1;17;114;- 
Olaga tvång (4 §);668;52;52;36;35;18;29;98;85;138;79;36;8;2;85;583;- 
Mot barn under 18 år;217;47;42;18;18;6;8;15;9;26;20;7;1;- ;41;176;- 
Mot flicka under 18 år;99;17;16;7;8;1;7;7;4;15;12;5;- ;- ;30;69;- 
Mot pojke under 18 år;133;30;29;16;10;5;1;8;5;14;10;4;1;- ;16;117;- 
Mot kvinna 18 år eller äldre;243;3;- ;6;6;7;11;36;46;66;38;18;5;1;18;225;- 
Närstående genom parrelation;130;- ;- ;- ;3;2;6;17;28;42;21;9;2;- ;1;129;- 
Närstående genom släktskap/familj;26;1;- ;1;1;- ;1;3;3;7;4;2;3;- ;3;23;- 
Annan sorts relation eller bekantskap;56;- ;- ;3;1;4;- ;10;11;12;10;3;1;1;10;46;- 
Obekanta;29;2;- ;2;- ;1;3;6;6;3;3;3;- ;- ;1;28;- 
Mot man 18 år eller äldre;217;2;10;14;11;5;11;48;32;47;23;11;2;1;26;191;- 
Närstående genom parrelation;12;- ;- ;- ;- ;- ;- ;- ;4;4;3;1;- ;- ;10;2;- 
Närstående genom släktskap/familj;6;- ;- ;- ;- ;1;- ;2;- ;2;1;- ;- ;- ;2;4;- 
Annan sorts relation eller bekantskap;116;2;6;5;4;2;7;25;16;28;13;5;2;1;10;106;- 
Obekanta;87;- ;4;9;7;2;4;21;14;14;7;5;- ;- ;6;81;- 
Grov fridskränkning (4 a §);811;11;4;9;12;17;13;48;89;273;222;94;16;3;326;485;- 
Mot barn under 18 år;585;10;3;5;8;6;6;21;57;212;183;61;10;3;234;351;- 
Mot flicka under 18 år;374;7;3;5;7;4;6;11;35;136;111;41;5;3;157;217;- 
Mot pojke under 18 år;290;3;- ;- ;1;2;1;10;29;113;100;25;6;- ;105;185;- 
Mot kvinna 18 år eller äldre;147;1;1;4;4;10;5;19;23;28;23;23;6;- ;16;131;- 
Närstående genom parrelation;97;- ;1;2;3;8;5;14;17;21;9;16;1;- ;6;91;- 
Närstående genom släktskap/familj;50;1;- ;2;1;2;- ;5;6;7;14;7;5;- ;10;40;- 
Mot man 18 år eller äldre;97;- ;- ;1;1;2;2;9;11;34;24;12;1;- ;83;14;- 
Närstående genom parrelation;82;- ;- ;- ;- ;1;- ;9;10;32;20;9;1;- ;75;7;- 
Närstående genom släktskap/familj;14;- ;- ;1;1;1;1;- ;1;2;4;3;- ;- ;7;7;- 
Grov kvinnofridskränkning (4 a §);1 295;- ;6;2;6;17;27;130;248;445;272;113;28;1;4;1 291;- 
Olaga förföljelse (4 b §);361;5;- ;2;6;6;9;27;48;100;75;48;34;1;76;285;- 
Mot barn under 18 år;33;4;- ;2;- ;4;2;4;2;5;2;6;2;- ;3;30;- 
Mot flicka under 18 år;28;3;- ;2;- ;4;2;4;1;5;1;5;1;- ;2;26;- 
Mot pojke under 18 år;7;1;- ;- ;- ;- ;- ;- ;1;- ;2;2;1;- ;2;5;- 
Mot kvinna 18 år eller äldre;276;2;- ;- ;5;2;7;21;35;79;58;38;28;1;32;244;- 
Närstående genom parrelation;143;- ;- ;- ;- ;1;3;13;15;45;36;20;9;1;4;139;- 
Närstående genom släktskap/familj;18;- ;- ;- ;- ;- ;- ;- ;2;3;6;3;4;- ;3;15;- 
Annan sorts relation eller bekantskap;84;1;- ;- ;2;- ;4;7;15;27;10;11;7;- ;17;67;- 
Obekanta;33;- ;- ;- ;2;- ;- ;2;3;5;7;5;9;- ;9;24;- 
Mot man 18 år eller äldre;81;1;- ;- ;3;1;1;5;13;20;17;12;8;- ;48;33;- 
Närstående genom parrelation;22;- ;- ;- ;2;- ;- ;- ;3;5;9;2;1;- ;21;1;- 
Närstående genom släktskap/familj;8;- ;- ;- ;- ;- ;- ;- ;- ;2;3;2;1;- ;5;3;- 
Annan sorts relation eller bekantskap;26;- ;- ;- ;- ;- ;1;1;7;7;3;5;2;- ;17;9;- 
Obekanta;22;- ;- ;- ;- ;- ;- ;2;3;7;2;3;5;- ;7;15;- 
Äktenskapstvång (4 c § 1-2 st.);42;- ;- ;1;- ;- ;- ;3;2;13;14;4;4;1;15;27;- 
Barnäktenskapsbrott (4 c § 3 st.);41;1;- ;- ;- ;- ;1;2;3;13;14;4;2;1;15;25;1
Vilseledande till äktenskapsresa (4 d §);6;- ;- ;- ;- ;- ;- ;- ;- ;- ;5;1;- ;- ;3;3;- 
Olaga hot (5 §);19 775;664;523;466;454;459;470;1 856;2 460;5 082;3 677;2 293;1 308;63;2 977;16 794;4
Mot barn under 18 år;2 775;456;311;207;153;121;59;163;159;428;426;204;78;10;553;2 221;1
Mot flicka under 18 år;1 242;173;114;92;79;62;30;96;70;198;213;81;30;4;378;864;- 
Internetrelaterat;208;49;35;22;22;12;9;25;12;7;6;7;2;- ;57;151;- 
Ej internetrelaterat;1 070;130;85;77;62;53;21;75;58;193;208;75;29;4;332;738;- 
Mot pojke under 18 år;1 651;295;214;122;76;65;31;72;94;253;240;131;52;6;196;1 454;1
Internetrelaterat;168;54;37;21;10;6;7;9;4;9;3;8;- ;- ;19;149;- 
Ej internetrelaterat;1 509;249;184;102;69;59;26;65;90;246;237;124;52;6;181;1 327;1
Mot kvinna 18 år eller äldre;9 809;101;100;108;143;152;190;875;1 343;2 869;1 994;1 199;711;24;1 311;8 497;1
Närstående genom parrelation;4 830;2;3;7;15;29;62;370;694;1 641;1 105;593;302;7;62;4 768;- 
Internetrelaterat;623;- ;- ;3;6;4;9;65;103;205;142;55;30;1;14;609;- 
Ej internetrelaterat;4 424;2;3;5;10;28;55;331;627;1 514;1 008;552;283;6;51;4 373;- 
Närstående genom släktskap/familj;1 415;29;23;35;25;39;36;139;203;369;247;165;99;6;240;1 175;- 
Internetrelaterat;149;1;1;2;2;3;5;9;26;42;30;19;9;- ;25;124;- 
Ej internetrelaterat;1 300;29;23;34;23;36;33;133;187;333;221;150;92;6;223;1 077;- 
Annan sorts relation eller bekantskap;2 559;42;38;44;56;56;54;263;342;693;462;302;200;7;690;1 869;- 
Internetrelaterat;458;5;4;8;10;11;16;52;56;147;79;45;22;3;128;330;- 
Ej internetrelaterat;2 162;37;34;37;48;46;40;216;295;565;392;264;184;4;575;1 587;- 
Obekanta;1 724;31;40;24;52;38;49;172;206;422;316;214;156;4;395;1 328;1
Internetrelaterat;258;7;5;4;11;3;10;33;34;71;41;27;12;- ;54;204;- 
Ej internetrelaterat;1 487;24;35;23;42;35;40;140;173;357;278;190;146;4;343;1 143;1
Mot man 18 år eller äldre;8 590;108;136;174;205;219;248;978;1 172;2 217;1 548;1 013;546;26;1 269;7 319;2
Närstående genom parrelation;692;3;2;5;6;6;11;53;106;243;147;76;34;- ;593;99;- 
Internetrelaterat;88;2;- ;2;3;3;2;7;13;27;17;8;4;- ;77;11;- 
Ej internetrelaterat;617;1;2;3;4;3;9;48;96;221;131;68;31;- ;529;88;- 
Närstående genom släktskap/familj;911;13;18;23;25;21;25;85;119;226;159;121;73;3;116;795;- 
Internetrelaterat;85;- ;1;3;- ;1;- ;6;17;17;22;11;7;- ;11;74;- 
Ej internetrelaterat;839;13;18;20;25;21;25;81;103;213;137;112;68;3;106;733;- 
Annan sorts relation eller bekantskap;3 793;35;38;58;74;94;109;441;519;994;714;464;241;12;374;3 419;- 
Internetrelaterat;427;3;7;7;14;12;17;47;47;117;74;53;26;3;49;378;- 
Ej internetrelaterat;3 447;33;32;51;62;84;95;400;484;901;653;422;221;9;331;3 116;- 
Obekanta;3 534;59;79;91;102;107;118;434;492;871;580;378;212;11;218;3 314;2
Internetrelaterat;309;3;6;12;8;12;6;32;38;87;39;38;25;3;20;289;- 
Ej internetrelaterat;3 264;57;73;81;96;95;112;404;460;797;549;343;189;8;200;3 062;2
Mot grupp;1 340;53;32;42;37;39;26;134;187;308;233;154;91;4;179;1 161;- 
Internetrelaterat;192;15;7;11;4;4;1;14;32;46;28;22;7;1;21;171;- 
Ej internetrelaterat;1 168;39;25;33;33;35;25;123;156;270;208;133;85;3;159;1 009;- 
Hemfridsbrott, olaga intrång (6 §);4 378;151;169;149;135;122;104;427;513;1 096;765;468;269;10;909;3 466;3
Kränkande fotografering (6 a §);406;26;24;15;17;12;23;51;44;83;52;40;18;1;28;378;- 
Olovlig identitetsanvändning (6 b §);1 180;14;13;26;36;43;43;169;217;330;166;92;28;3;320;860;- 
Mot barn under 18 år;28;3;5;7;4;2;1;- ;4;- ;1;- ;1;- ;6;22;- 
Mot flicka under 18 år;19;2;4;5;3;1;1;- ;3;- ;- ;- ;- ;- ;4;15;- 
Mot pojke under 18 år;9;1;1;2;1;1;- ;- ;1;- ;1;- ;1;- ;2;7;- 
Mot kvinna 18 år eller äldre;584;4;1;5;14;22;19;80;108;181;80;47;21;2;180;404;- 
Mot man 18 år eller äldre;622;8;7;15;20;21;25;101;114;169;87;47;7;1;145;477;- 
Olaga integritetsintrång (6 c, 6 d §);606;81;67;29;32;21;31;66;62;103;60;34;13;7;95;506;5
Mot barn under 18 år;247;77;57;25;22;13;12;20;3;7;3;2;2;4;37;206;4
Mot flicka under 18 år;210;67;46;21;19;12;10;19;3;6;2;2;1;2;29;179;2
Mot pojke under 18 år;38;10;11;5;3;1;2;1;- ;1;1;- ;1;2;8;28;2
Mot kvinna 18 år eller äldre;304;1;9;3;7;8;12;41;52;84;50;25;9;3;29;274;1
Närstående genom parrelation;157;- ;1;- ;- ;3;4;23;25;46;33;14;6;2;- ;157;- 
Närstående genom släktskap/familj;14;- ;1;- ;- ;1;- ;- ;3;3;5;1;- ;- ;- ;14;- 
Annan sorts relation eller bekantskap;97;- ;5;1;4;3;6;17;16;28;9;6;2;- ;23;74;- 
Obekanta;33;1;2;2;3;1;1;2;7;6;3;3;1;1;7;25;1
Mot man 18 år eller äldre;71;3;3;2;4;1;8;5;8;14;9;12;2;- ;30;41;- 
Närstående genom parrelation;16;1;- ;- ;1;- ;1;- ;3;4;3;2;1;- ;14;2;- 
Närstående genom släktskap/familj;5;- ;- ;- ;- ;- ;- ;- ;- ;2;3;- ;- ;- ;3;2;- 
Annan sorts relation eller bekantskap;22;- ;- ;- ;- ;1;4;2;4;5;1;5;- ;- ;9;13;- 
Obekanta;25;2;3;2;3;- ;3;3;1;3;1;3;1;- ;3;22;- 
Ofredande (7 §);12 035;350;225;188;185;172;223;834;1 299;3 070;2 459;1 754;1 258;18;2 776;9 255;4
Mot barn under 18 år;1 649;199;114;72;62;33;23;71;90;336;351;181;113;4;414;1 234;1
Mot flicka under 18 år;977;98;65;46;44;20;15;60;56;185;218;97;70;3;282;695;- 
Mot pojke under 18 år;730;104;53;27;19;13;8;14;35;165;155;87;49;1;150;579;1
Mot kvinna 18 år eller äldre;7 287;58;51;56;74;76;142;520;895;2 020;1 547;1 089;752;7;1 275;6 009;3
Närstående genom parrelation;3 148;1;2;4;15;20;40;203;451;1 070;768;421;152;1;46;3 099;3
Närstående genom släktskap/familj;617;5;6;5;4;11;13;44;61;143;125;112;87;1;150;467;- 
Annan sorts relation eller bekantskap;2 084;23;19;23;21;28;43;158;239;496;423;332;278;1;615;1 469;- 
Obekanta;1 784;30;23;25;31;21;50;137;189;416;318;272;268;4;517;1 267;- 
Mot man 18 år eller äldre;3 348;67;54;61;55;66;59;283;368;795;643;504;387;6;1 121;2 227;- 
Närstående genom parrelation;473;- ;1;5;5;4;7;33;72;161;116;52;16;1;428;45;- 
Närstående genom släktskap/familj;267;7;1;2;3;3;2;18;21;64;42;57;47;- ;96;171;- 
Annan sorts relation eller bekantskap;1 126;19;15;15;18;19;20;84;108;247;237;179;165;- ;310;816;- 
Obekanta;1 565;42;38;40;30;41;31;155;181;343;259;230;170;5;331;1 234;- 
Mot grupp;672;34;17;5;3;8;9;26;45;122;125;161;116;1;195;477;- 
Olovlig avlyssning m.m. (8-9 a §);186;4;4;2;1;1;1;12;21;52;43;28;17;- ;60;126;- 
Dataintrång (9 c §);736;15;14;13;14;13;13;64;108;194;124;109;49;6;255;478;3
Genom överbelastningsattack;6;2;- ;2;- ;- ;- ;- ;1;1;- ;- ;- ;- ;- ;6;- 
Med hjälp av skadlig kod i utpressningssyfte;6;- ;- ;- ;- ;- ;- ;- ;1;2;2;- ;- ;1;1;4;1
Genom olovlig registerslagning;194;- ;- ;- ;- ;1;2;10;22;37;41;51;29;1;113;80;1
I sociala medier eller e-tjänster;214;4;6;6;6;4;4;27;43;59;29;17;8;1;48;166;- 
Övrigt dataintrång;190;3;8;5;5;4;5;12;21;63;34;25;5;- ;53;137;- 
5 kap. Ärekränkningsbrott;1 194;68;31;28;38;19;21;78;125;264;257;135;125;5;459;731;4
Ärekränkning (1-4 §);1 194;68;31;28;38;19;21;78;125;264;257;135;125;5;459;731;4
Mot barn under 18 år;189;54;21;16;9;5;6;7;6;18;22;14;9;2;58;130;1
Mot flicka under 18 år;122;43;10;12;5;4;6;5;5;8;14;7;2;1;34;88;- 
Internetrelaterat;50;24;3;5;3;2;2;3;3;2;2;1;- ;- ;8;42;- 
Ej internetrelaterat;73;20;7;7;2;2;4;2;2;6;12;6;2;1;26;47;- 
Mot pojke under 18 år;71;11;11;4;4;2;1;2;1;11;8;8;7;1;25;45;1
Internetrelaterat;24;7;8;2;1;1;1;1;- ;2;1;- ;- ;- ;9;15;- 
Ej internetrelaterat;49;4;4;2;3;1;- ;1;1;10;7;8;7;1;16;32;1
Mot kvinna 18 år eller äldre;523;3;4;2;8;8;8;34;56;142;134;72;51;1;137;385;1
Internetrelaterat;176;2;2;1;3;2;5;11;17;50;49;20;13;1;51;124;1
Ej internetrelaterat;354;1;2;1;5;6;3;23;39;93;89;54;38;- ;87;267;- 
Mot man 18 år eller äldre;540;11;9;11;21;6;10;41;66;116;117;60;70;2;290;248;2
Internetrelaterat;234;8;5;7;12;1;6;22;33;58;45;23;13;1;150;83;1
Ej internetrelaterat;307;3;4;4;9;5;4;19;34;58;72;37;57;1;141;165;1
6 kap. Sexualbrott;9 765;423;341;282;373;303;347;1 199;1 282;2 166;1 446;909;605;89;283;9 462;20
Våldtäkt inkl. grov, våldtäkt mot barn inkl. grov, oaktsam våldtäkt (1, 1 a, 4 §);4 771;230;221;193;255;210;202;669;692;1 005;592;316;139;47;100;4 669;2
Våldtäkt inkl. grov, våldtäkt mot barn inkl. grov (1, 4 §);4 660;227;214;187;249;203;197;651;672;983;581;312;137;47;99;4 559;2
Mot barn under 15 år (4 §);1 001;150;100;56;74;42;38;91;69;157;124;49;32;19;37;963;1
Mot flicka under 15 år;875;136;97;50;67;41;37;78;56;127;105;42;25;14;20;855;- 
Fullbordad våldtäkt;818;127;90;44;67;40;36;67;55;118;98;39;25;12;19;799;- 
Utomhus;107;27;9;5;11;10;7;7;2;7;10;5;1;6;2;105;- 
Inomhus;741;102;83;40;58;34;31;62;54;115;94;38;24;6;19;722;- 
Försök till våldtäkt;91;12;8;7;2;3;1;12;8;14;12;6;4;2;1;90;- 
Utomhus;11;- ;3;2;- ;- ;- ;3;- ;- ;- ;1;- ;2;- ;11;- 
Inomhus;81;12;5;5;2;3;1;9;8;14;12;6;4;- ;1;80;- 
Mot pojke under 15 år;140;16;3;6;7;1;1;16;14;34;21;8;8;5;19;120;1
Fullbordad våldtäkt;124;16;3;6;6;1;1;13;12;28;19;7;7;5;19;104;1
Utomhus;12;1;- ;- ;1;1;- ;2;2;3;- ;1;1;- ;1;10;1
Inomhus;115;15;3;6;6;- ;1;11;10;27;19;6;6;5;18;96;1
Försök till våldtäkt;20;- ;- ;- ;1;- ;- ;3;3;7;3;1;2;- ;- ;20;- 
Utomhus;6;- ;- ;- ;1;- ;- ;- ;- ;4;1;- ;- ;- ;- ;6;- 
Inomhus;14;- ;- ;- ;- ;- ;- ;3;3;3;2;1;2;- ;- ;14;- 
Mot barn 15-17 år (1, 4 §);791;74;107;100;102;78;42;106;62;51;38;16;4;11;15;775;1
Mot flicka 15-17 år;759;70;104;98;100;76;40;103;62;44;33;14;4;11;9;749;1
Fullbordad våldtäkt;725;64;99;97;96;73;35;99;60;43;32;13;4;10;9;715;1
Utomhus;115;11;12;12;15;14;4;19;9;10;4;3;- ;2;2;113;- 
Inomhus;623;53;87;85;82;60;32;83;53;35;29;12;4;8;7;615;1
Försök till våldtäkt;46;8;6;1;6;5;5;5;3;3;2;1;- ;1;- ;46;- 
Utomhus;11;- ;1;- ;3;2;1;2;1;- ;1;- ;- ;- ;- ;11;- 
Inomhus;36;8;5;1;4;3;4;3;2;3;1;1;- ;1;- ;36;- 
Mot pojke 15-17 år;34;4;3;3;2;2;2;4;- ;7;5;2;- ;- ;6;28;- 
Fullbordad våldtäkt;32;3;3;3;1;2;2;4;- ;7;5;2;- ;- ;6;26;- 
Utomhus;7;- ;1;1;- ;2;2;- ;- ;1;- ;- ;- ;- ;1;6;- 
Inomhus;25;3;2;2;1;- ;- ;4;- ;6;5;2;- ;- ;5;20;- 
Försök till våldtäkt;3;1;- ;- ;1;- ;- ;- ;- ;- ;- ;1;- ;- ;- ;3;- 
Utomhus;- ;- ;- ;- ;- ;- ;- ;- ;- ;- ;- ;- ;- ;- ;- ;- ;- 
Inomhus;3;1;- ;- ;1;- ;- ;- ;- ;- ;- ;1;- ;- ;- ;3;- 
Mot kvinna 18 år eller äldre (1 §);2 881;9;15;38;84;88;116;451;533;765;424;248;96;14;18;2 863;- 
Närstående genom parrelation;1 036;3;4;10;13;22;26;109;212;330;174;103;28;2;6;1 030;- 
Fullbordad våldtäkt;969;3;4;10;10;21;26;106;203;303;160;96;25;2;6;963;- 
Försök till våldtäkt;90;- ;- ;- ;3;1;1;4;16;37;18;7;3;- ;- ;90;- 
Närstående genom släktskap/familj;83;- ;2;- ;2;- ;- ;10;8;28;13;12;8;- ;2;81;- 
Fullbordad våldtäkt;77;- ;2;- ;1;- ;- ;8;8;26;13;11;8;- ;2;75;- 
Försök till våldtäkt;8;- ;- ;- ;1;- ;- ;2;- ;3;1;1;- ;- ;- ;8;- 
Annan sorts relation eller bekantskap;1 248;5;5;21;54;43;54;240;204;294;176;102;46;4;6;1 242;- 
Fullbordad våldtäkt;1 155;5;5;18;53;42;52;223;189;265;163;93;43;4;6;1 149;- 
Utomhus;60;- ;- ;1;4;1;1;10;13;12;10;5;3;- ;- ;60;- 
Inomhus;1 111;5;5;17;51;41;52;214;179;255;157;90;41;4;6;1 105;- 
Försök till våldtäkt;106;- ;- ;3;1;1;3;20;17;34;14;10;3;- ;- ;106;- 
Utomhus;18;- ;- ;1;- ;1;2;4;4;3;1;2;- ;- ;- ;18;- 
Inomhus;88;- ;- ;2;1;- ;1;16;13;31;13;8;3;- ;- ;88;- 
Obekanta;587;1;3;6;17;24;39;103;122;141;71;37;16;7;4;583;- 
Fullbordad våldtäkt;533;1;2;5;16;21;37;96;108;129;64;33;14;7;4;529;- 
Utomhus;71;- ;- ;1;5;6;6;12;8;17;11;4;1;- ;- ;71;- 
Inomhus;466;1;2;4;12;15;31;84;100;114;53;30;13;7;4;462;- 
Försök till våldtäkt;63;- ;1;1;1;4;2;11;15;12;9;5;2;- ;- ;63;- 
Utomhus;20;- ;1;- ;- ;2;- ;1;6;4;5;1;- ;- ;- ;20;- 
Inomhus;44;- ;- ;1;1;2;2;10;10;8;4;4;2;- ;- ;44;- 
Mot man 18 år eller äldre (1 §);147;1;3;1;3;3;8;15;30;43;18;12;7;3;31;116;- 
Närstående genom parrelation;30;1;1;- ;- ;2;- ;4;7;6;7;2;- ;- ;19;11;- 
Fullbordad våldtäkt;27;- ;1;- ;- ;1;- ;4;7;5;7;2;- ;- ;18;9;- 
Försök till våldtäkt;5;1;- ;- ;- ;1;- ;1;1;1;- ;- ;- ;- ;3;2;- 
Närstående genom släktskap/familj;5;- ;- ;- ;- ;1;- ;- ;- ;1;1;1;1;- ;- ;5;- 
Fullbordad våldtäkt;5;- ;- ;- ;- ;1;- ;- ;- ;1;1;1;1;- ;- ;5;- 
Försök till våldtäkt;- ;- ;- ;- ;- ;- ;- ;- ;- ;- ;- ;- ;- ;- ;- ;- ;- 
Annan sorts relation eller bekantskap;82;- ;2;1;3;- ;6;8;15;25;9;6;4;3;8;74;- 
Fullbordad våldtäkt;71;- ;1;- ;2;- ;6;7;12;22;9;6;3;3;8;63;- 
Utomhus;5;- ;- ;- ;- ;- ;- ;1;2;1;1;- ;- ;- ;2;3;- 
Inomhus;67;- ;1;- ;2;- ;6;6;10;22;8;6;3;3;7;60;- 
Försök till våldtäkt;12;- ;1;1;1;- ;- ;1;4;3;- ;- ;1;- ;- ;12;- 
Utomhus;3;- ;1;1;- ;- ;- ;- ;1;- ;- ;- ;- ;- ;- ;3;- 
Inomhus;9;- ;- ;- ;1;- ;- ;1;3;3;- ;- ;1;- ;- ;9;- 
Obekanta;33;- ;- ;- ;- ;- ;2;3;8;11;3;4;2;- ;4;29;- 
Fullbordad våldtäkt;30;- ;- ;- ;- ;- ;2;3;7;9;3;4;2;- ;4;26;- 
Utomhus;3;- ;- ;- ;- ;- ;- ;- ;2;- ;- ;1;- ;- ;- ;3;- 
Inomhus;27;- ;- ;- ;- ;- ;2;3;5;9;3;3;2;- ;4;23;- 
Försök till våldtäkt;3;- ;- ;- ;- ;- ;- ;- ;1;2;- ;- ;- ;- ;- ;3;- 
Utomhus;- ;- ;- ;- ;- ;- ;- ;- ;- ;- ;- ;- ;- ;- ;- ;- ;- 
Inomhus;3;- ;- ;- ;- ;- ;- ;- ;1;2;- ;- ;- ;- ;- ;3;- 
Oaktsam våldtäkt (1 a §);140;4;10;6;7;8;7;22;23;26;15;8;4;- ;1;139;- 
Mot flicka 15-17 år;35;4;9;5;3;3;2;4;2;2;1;- ;- ;- ;- ;35;- 
Utomhus;2;1;1;- ;- ;- ;- ;- ;- ;- ;- ;- ;- ;- ;- ;2;- 
Inomhus;33;3;8;5;3;3;2;4;2;2;1;- ;- ;- ;- ;33;- 
Mot pojke 15-17 år;- ;- ;- ;- ;- ;- ;- ;- ;- ;- ;- ;- ;- ;- ;- ;- ;- 
Utomhus;- ;- ;- ;- ;- ;- ;- ;- ;- ;- ;- ;- ;- ;- ;- ;- ;- 
Inomhus;- ;- ;- ;- ;- ;- ;- ;- ;- ;- ;- ;- ;- ;- ;- ;- ;- 
Mot kvinna 18 år eller äldre;98;- ;1;1;3;4;5;18;20;24;12;6;4;- ;1;97;- 
Närstående genom parrelation;46;- ;- ;1;2;1;2;4;10;10;10;2;4;- ;1;45;- 
Närstående genom släktskap/familj;1;- ;- ;- ;- ;- ;- ;- ;- ;1;- ;- ;- ;- ;- ;1;- 
Annan sorts relation eller bekantskap;21;- ;1;- ;- ;- ;3;3;3;9;1;1;- ;- ;- ;21;- 
Utomhus;13;- ;1;- ;- ;- ;3;2;1;5;1;- ;- ;- ;- ;13;- 
Inomhus;8;- ;- ;- ;- ;- ;- ;1;2;4;- ;1;- ;- ;- ;8;- 
Obekanta;31;- ;- ;- ;1;3;- ;11;7;5;1;3;- ;- ;- ;31;- 
Utomhus;- ;- ;- ;- ;- ;- ;- ;- ;- ;- ;- ;- ;- ;- ;- ;- ;- 
Inomhus;31;- ;- ;- ;1;3;- ;11;7;5;1;3;- ;- ;- ;31;- 
Mot man 18 år eller äldre;8;- ;- ;1;1;1;- ;- ;1;- ;2;2;- ;- ;- ;8;- 
Närstående genom parrelation;- ;- ;- ;- ;- ;- ;- ;- ;- ;- ;- ;- ;- ;- ;- ;- ;- 
Närstående genom släktskap/familj;- ;- ;- ;- ;- ;- ;- ;- ;- ;- ;- ;- ;- ;- ;- ;- ;- 
Annan sorts relation eller bekantskap;8;- ;- ;1;1;1;- ;- ;1;- ;2;2;- ;- ;- ;8;- 
Utomhus;- ;- ;- ;- ;- ;- ;- ;- ;- ;- ;- ;- ;- ;- ;- ;- ;- 
Inomhus;8;- ;- ;1;1;1;- ;- ;1;- ;2;2;- ;- ;- ;8;- 
Obekanta;- ;- ;- ;- ;- ;- ;- ;- ;- ;- ;- ;- ;- ;- ;- ;- ;- 
Utomhus;- ;- ;- ;- ;- ;- ;- ;- ;- ;- ;- ;- ;- ;- ;- ;- ;- 
Inomhus;- ;- ;- ;- ;- ;- ;- ;- ;- ;- ;- ;- ;- ;- ;- ;- ;- 
Sexuellt övergrepp inkl. grovt (2 §);215;5;6;6;9;11;14;26;32;48;30;16;12;- ;11;204;- 
Mot flicka 15-17 år;42;4;5;4;8;5;2;4;- ;4;4;2;- ;- ;- ;42;- 
Mot pojke 15-17 år;6;1;- ;- ;- ;- ;- ;1;- ;1;- ;1;2;- ;2;4;- 
Mot kvinna 18 år eller äldre;143;- ;1;2;2;6;12;19;28;35;21;10;7;- ;- ;143;- 
Närstående genom parrelation;33;- ;- ;1;1;- ;1;3;7;11;6;3;- ;- ;- ;33;- 
Närstående genom släktskap/familj;5;- ;- ;- ;- ;- ;- ;- ;- ;1;2;1;1;- ;- ;5;- 
Annan sorts relation eller bekantskap;76;- ;- ;1;1;5;7;12;17;17;7;4;5;- ;- ;76;- 
Obekanta;31;- ;1;- ;- ;1;4;4;4;8;6;2;1;- ;- ;31;- 
Mot man 18 år eller äldre;25;- ;- ;- ;- ;- ;- ;2;4;8;5;3;3;- ;9;16;- 
Närstående genom parrelation;6;- ;- ;- ;- ;- ;- ;- ;2;2;2;- ;- ;- ;5;1;- 
Närstående genom släktskap/familj;2;- ;- ;- ;- ;- ;- ;- ;- ;- ;- ;- ;2;- ;- ;2;- 
Annan sorts relation eller bekantskap;10;- ;- ;- ;- ;- ;- ;1;- ;4;2;1;2;- ;1;9;- 
Obekanta;8;- ;- ;- ;- ;- ;- ;1;2;2;1;2;- ;- ;3;5;- 
Oaktsamt sexuellt övergrepp (3 §);4;- ;- ;- ;- ;- ;1;1;1;- ;- ;- ;1;- ;- ;4;- 
Mot flicka 15-17 år;- ;- ;- ;- ;- ;- ;- ;- ;- ;- ;- ;- ;- ;- ;- ;- ;- 
Mot pojke 15-17 år;- ;- ;- ;- ;- ;- ;- ;- ;- ;- ;- ;- ;- ;- ;- ;- ;- 
Mot kvinna 18 år eller äldre;4;- ;- ;- ;- ;- ;1;1;1;- ;- ;- ;1;- ;- ;4;- 
Närstående genom parrelation;- ;- ;- ;- ;- ;- ;- ;- ;- ;- ;- ;- ;- ;- ;- ;- ;- 
Närstående genom släktskap/familj;- ;- ;- ;- ;- ;- ;- ;- ;- ;- ;- ;- ;- ;- ;- ;- ;- 
Annan sorts relation eller bekantskap;4;- ;- ;- ;- ;- ;1;1;1;- ;- ;- ;1;- ;- ;4;- 
Obekanta;- ;- ;- ;- ;- ;- ;- ;- ;- ;- ;- ;- ;- ;- ;- ;- ;- 
Mot man 18 år eller äldre;- ;- ;- ;- ;- ;- ;- ;- ;- ;- ;- ;- ;- ;- ;- ;- ;- 
Närstående genom parrelation;- ;- ;- ;- ;- ;- ;- ;- ;- ;- ;- ;- ;- ;- ;- ;- ;- 
Närstående genom släktskap/familj;- ;- ;- ;- ;- ;- ;- ;- ;- ;- ;- ;- ;- ;- ;- ;- ;- 
Annan sorts relation eller bekantskap;- ;- ;- ;- ;- ;- ;- ;- ;- ;- ;- ;- ;- ;- ;- ;- ;- 
Obekanta;- ;- ;- ;- ;- ;- ;- ;- ;- ;- ;- ;- ;- ;- ;- ;- ;- 
Sexuellt utnyttjande av barn (5 §);77;22;12;6;7;- ;3;4;2;6;6;5;4;- ;5;72;- 
Av flicka under 15 år;67;21;10;6;7;- ;3;3;2;4;4;4;3;- ;4;63;- 
Av pojke under 15 år;7;1;- ;- ;- ;- ;- ;- ;- ;1;3;1;1;- ;1;6;- 
Av flicka 15-17 år;4;- ;2;- ;- ;- ;- ;1;- ;1;- ;- ;- ;- ;- ;4;- 
Av pojke 15-17 år;- ;- ;- ;- ;- ;- ;- ;- ;- ;- ;- ;- ;- ;- ;- ;- ;- 
Sexuellt övergrepp mot barn (6 §);406;27;6;10;8;6;5;21;38;118;89;50;28;- ;23;383;- 
Mot flicka under 15 år;324;23;6;6;6;5;5;17;29;96;68;40;23;- ;18;306;- 
Mot pojke under 15 år;87;4;- ;4;2;1;- ;5;9;24;22;11;5;- ;7;80;- 
Mot flicka 15-17 år;9;- ;- ;- ;- ;- ;- ;- ;- ;4;4;- ;1;- ;- ;9;- 
Mot pojke 15-17 år;1;- ;- ;- ;- ;- ;- ;- ;- ;- ;1;- ;- ;- ;- ;1;- 
Samlag med avkomling eller syskon (7 §);1;- ;- ;- ;- ;- ;- ;- ;- ;- ;1;- ;- ;- ;- ;1;- 
Med flicka 15-17 år;- ;- ;- ;- ;- ;- ;- ;- ;- ;- ;- ;- ;- ;- ;- ;- ;- 
Med pojke 15-17 år;- ;- ;- ;- ;- ;- ;- ;- ;- ;- ;- ;- ;- ;- ;- ;- ;- 
Med kvinna 18 år eller äldre;- ;- ;- ;- ;- ;- ;- ;- ;- ;- ;- ;- ;- ;- ;- ;- ;- 
Med man 18 år eller äldre;1;- ;- ;- ;- ;- ;- ;- ;- ;- ;1;- ;- ;- ;- ;1;- 
Utnyttjande av barn under 18 år för sexuell posering, inkl. grovt (8 §);469;60;38;19;26;17;26;46;48;74;62;22;15;16;17;439;13
Utnyttjande av barn under 18 år genom köp av sexuell handling (9 §);59;1;- ;1;2;1;1;6;10;12;11;7;3;4;1;58;- 
Sexuellt ofredande (10 §);3 574;148;105;81;100;77;106;343;365;776;597;452;408;16;109;3 463;2
Exhibitionism;104;5;3;4;3;1;3;9;13;22;10;8;23;- ;- ;104;- 
Annat sexuellt ofredande;3 511;145;104;78;97;77;104;340;358;763;590;447;392;16;109;3 400;2
Annat sexuellt ofredande mot barn under 15 år;1 017;85;51;27;29;26;32;74;87;200;171;119;107;9;35;980;2
Mot flicka under 15 år;888;74;48;27;23;24;28;65;72;166;151;106;95;9;27;859;2
Mot pojke under 15 år;159;11;3;1;6;3;4;13;17;41;24;18;18;- ;11;148;- 
Annat sexuellt ofredande mot barn 15-17 år;563;55;47;36;28;15;16;54;46;94;68;59;42;3;8;555;- 
Mot flicka 15-17 år;526;53;44;35;26;15;15;49;41;86;66;53;40;3;4;522;- 
Mot pojke 15-17 år;40;2;3;1;2;- ;1;7;5;9;2;6;2;- ;4;36;- 
Annat sexuellt ofredande mot person 18 år eller äldre;2 082;10;9;18;44;38;63;227;251;496;376;283;263;4;69;2 013;- 
Mot kvinna 18 år eller äldre;1 918;8;9;18;41;35;61;218;226;458;345;261;235;3;29;1 889;- 
Närstående genom parrelation;212;- ;- ;1;2;2;6;13;36;69;53;22;8;- ;1;211;- 
Närstående genom släktskap/familj;48;- ;- ;1;- ;1;- ;1;6;13;13;3;10;- ;3;45;- 
Annan sorts relation eller bekantskap;674;6;5;8;20;15;19;75;70;150;118;104;84;- ;13;661;- 
Obekanta;1 005;2;4;8;18;18;36;133;116;224;166;139;138;3;11;994;- 
Mot man 18 år eller äldre;195;3;- ;- ;3;5;3;11;29;42;33;31;34;1;42;153;- 
Närstående genom parrelation;20;- ;- ;- ;- ;- ;1;2;1;7;4;3;2;- ;15;5;- 
Närstående genom släktskap/familj;5;- ;- ;- ;- ;- ;- ;- ;- ;1;1;2;1;- ;1;4;- 
Annan sorts relation eller bekantskap;55;1;- ;- ;3;4;1;2;13;9;9;8;4;1;14;41;- 
Obekanta;115;2;- ;- ;- ;1;1;7;15;26;19;18;26;- ;12;103;- 
"Kontakt med barn i sexuellt syfte, sk. ""grooming"" (10 a §)";67;7;2;5;4;2;1;6;11;12;8;8;1;- ;- ;67;- 
Med flicka under 15 år;55;6;2;5;3;2;1;6;8;7;7;7;1;- ;- ;55;- 
Med pojke under 15 år;12;1;- ;- ;1;- ;- ;- ;3;5;1;1;- ;- ;- ;12;- 
Köp av sexuell tjänst (11 §);1 183;- ;2;4;7;15;28;202;206;322;214;126;52;5;1;1 179;3
Koppleri, grovt koppleri (12 §);135;- ;- ;- ;- ;1;- ;11;16;53;27;18;8;1;31;104;- 
7 kap. Brott mot familj;407;- ;- ;2;1;2;4;20;61;177;95;30;13;2;218;189;- 
Egenmäktighet med barn (4 §);403;- ;- ;2;1;2;4;20;61;175;94;30;12;2;216;187;- 
Övriga brott mot 7 kap. (1-3 §);4;- ;- ;- ;- ;- ;- ;- ;- ;2;1;- ;1;- ;2;2;- 
8-12 kap. Brott mot förmögenhet;57 481;2 582;2 255;1 745;1 762;1 627;1 676;5 981;7 428;13 295;9 124;6 127;3 691;188;15 475;41 920;86
8 kap. Stöld, rån m.m.;30 935;1 857;1 652;1 191;966;874;917;3 130;3 729;6 863;4 567;3 074;1 986;129;9 043;21 875;17
Tillgrepp av motordrivet fortskaffningsmedel (7 §);2 279;96;119;98;97;66;93;279;338;578;328;144;37;6;260;2 017;2
Bil;1 677;42;67;75;74;53;74;208;267;445;239;101;30;2;217;1 460;- 
Försök till biltillgrepp;191;9;14;5;11;2;3;14;29;56;36;12;- ;- ;16;175;- 
Fullbordat biltillgrepp;1 541;34;54;72;67;51;71;198;249;406;215;92;30;2;205;1 336;- 
Avsedd för yrkesmässig godsbefordran (Lastbil, släpfordon, järnvägsvagn eller lastbärare (container eller motsvarande).;119;1;1;3;- ;- ;6;9;17;45;26;9;2;- ;14;105;- 
Övriga bilar;1 457;34;54;70;67;51;67;192;241;373;195;83;28;2;194;1 263;- 
Motorcykel;193;2;3;3;4;6;6;26;29;60;38;14;2;- ;17;176;- 
Moped;391;49;49;21;18;8;9;38;55;76;41;22;2;3;20;369;2
Båt;62;1;1;3;1;- ;1;2;4;19;17;10;2;1;6;56;- 
Annat;132;6;2;1;2;1;5;25;20;36;25;7;2;- ;10;122;- 
Tillgrepp av icke motordrivet fortskaffningsmedel (1, 2, 4 §);1 137;27;29;19;22;24;34;100;159;347;234;110;31;1;174;963;- 
Cykel;1 032;18;27;13;22;22;30;94;148;316;215;101;25;1;160;872;- 
Elcykel;338;1;10;4;9;7;7;32;46;116;72;32;2;- ;48;290;- 
Annan cykel än elcykel;729;17;15;8;13;14;23;61;110;215;154;73;25;1;114;615;- 
Båt;23;1;- ;1;- ;- ;- ;1;4;5;1;6;4;- ;2;21;- 
Annat;97;8;2;5;- ;2;5;5;8;32;22;5;3;- ;13;84;- 
Inbrottsstöld, inte av skjutvapen (1, 2, 4 §);4 474;101;117;114;121;124;137;515;715;1 296;766;354;101;13;643;3 824;7
I skola, kyrka, idrottsanläggning och lokal för kultur;294;17;10;7;13;7;7;32;40;77;60;19;5;- ;34;260;- 
I skola, bibliotek, fritidshem, m.m.;193;14;7;3;9;5;6;20;28;49;38;11;3;- ;21;172;- 
I idrottsanläggning, kyrka, museum m.m.;108;3;3;4;4;2;1;12;12;31;25;9;2;- ;14;94;- 
I hotell, kafé, restaurang, biograf, teater, nöjes-, samlings- och ungdomslokal m.m.;375;9;14;10;16;14;7;41;56;97;70;35;6;- ;45;330;- 
I butik, apotek, kiosk m.m.;789;29;27;31;26;21;33;131;115;208;108;49;9;2;115;673;1
I butik, varuhus o.d.;711;19;19;24;21;20;28;120;109;197;101;43;8;2;102;608;1
I kiosk, automat och skyltskåp;57;10;7;7;6;1;5;6;2;9;2;1;1;- ;7;50;- 
I apotek och läkemedelsförråd;30;- ;1;- ;- ;- ;1;6;4;5;8;5;- ;- ;6;24;- 
I industri, verkstad, byggplats, lager, garage, hamnområde, kontor m.m.;1 272;16;33;23;25;30;30;136;214;395;242;98;27;3;131;1 140;1
I kontor;257;1;2;4;3;4;6;18;36;78;74;26;3;2;18;238;1
Övrigt;1 084;15;31;20;22;26;26;125;191;332;187;83;25;1;114;970;- 
I bostad, fritidshus m.m.;1 818;27;31;35;34;51;48;189;317;567;326;145;42;6;285;1 531;2
I bostad (lägenhet, villa);1 095;18;26;26;24;34;33;117;209;335;175;70;25;3;138;955;2
Villa, radhus o.d.;695;9;14;17;14;21;17;78;136;212;112;42;20;3;88;605;2
Fullbordat inbrott;534;4;9;11;11;18;13;57;111;166;81;34;18;1;70;463;1
Försök till inbrott;189;6;6;6;3;4;7;22;29;56;33;11;4;2;18;170;1
Lägenhet;443;9;14;10;10;14;16;39;82;140;72;32;5;- ;53;390;- 
Fullbordat inbrott;329;7;12;5;10;11;12;33;62;100;52;21;4;- ;42;287;- 
Försök till inbrott;120;2;2;5;- ;3;4;6;21;43;22;11;1;- ;11;109;- 
I källare och på vind;604;5;3;5;7;9;10;49;101;215;129;57;11;3;130;474;- 
I fritidshus;261;4;3;5;4;10;8;33;32;84;45;25;8;- ;38;223;- 
Övrigt;1 135;9;16;22;20;25;29;100;185;382;229;91;25;2;152;980;3
Stöld (även inbrottsstöld) av skjutvapen ammunition och sprängämnen (1, 2 4 §);39;2;- ;1;- ;- ;- ;4;7;11;2;8;2;2;2;35;2
Från militärt förråd/inom militärförläggning;6;- ;- ;1;- ;- ;- ;1;- ;1;1;2;- ;- ;- ;6;- 
Från skytteorganisation, vapenhandlare och sprängämnesförråd;3;- ;- ;- ;- ;- ;- ;- ;1;- ;- ;1;- ;1;- ;2;1
I bostad (lägenhet, villa) och fritidshus;20;2;- ;- ;- ;- ;- ;1;5;8;1;3;- ;- ;2;18;- 
Övrig stöld av skjutvapen o.d.;10;- ;- ;- ;- ;- ;- ;2;1;2;- ;2;2;1;- ;9;1
Övrig stöld (1, 2, 4 §);23 250;1 462;1 236;818;595;570;580;2 166;2 769;5 325;3 584;2 430;1 636;79;7 956;15 288;6
Från fordon m.m.;1 470;27;40;33;38;41;49;165;235;444;259;109;27;3;157;1 313;- 
Ur och från motordrivet fordon;1 144;20;28;26;32;34;43;139;188;329;197;83;23;2;119;1 025;- 
Av fast interiör/exteriör;526;13;15;10;19;20;27;85;76;145;72;31;11;2;38;488;- 
Av andra föremål (ej fast interiör/exteriör);718;7;15;18;11;15;19;74;127;218;141;58;15;- ;83;635;- 
Från cykel;125;1;3;3;2;3;1;5;24;47;24;10;1;1;21;104;- 
Från båt (annat än båtmotor);62;3;5;2;2;1;1;3;7;21;7;9;1;- ;8;54;- 
Av båtmotor;69;1;1;- ;- ;2;1;6;11;26;14;4;3;- ;4;65;- 
Under yrkesmässig transport;132;2;3;2;2;2;4;18;17;48;27;7;- ;- ;7;125;- 
Avsedd för yrkesmässig godsbefordran (lastbil, släpfordon, järnvägsvagn, fartyg el lastbärare);101;2;1;2;2;1;4;13;10;39;20;7;- ;- ;6;95;- 
Under övrig yrkesmässig transport;33;- ;2;- ;- ;1;- ;5;7;10;8;- ;- ;- ;1;32;- 
Stöld av drivmedel (1, 2, 4 §);573;16;15;11;29;26;20;65;96;148;91;36;20;- ;68;504;1
Stöld av diesel;250;11;12;8;23;17;9;26;43;54;28;12;7;- ;21;228;1
Ur större fordonstank (även entreprenadmaskin m.m.);233;11;12;8;23;17;9;25;38;49;24;10;7;- ;21;211;1
Ur större tankar (ej kopplade till fordon);20;- ;- ;- ;- ;- ;- ;1;7;6;4;2;- ;- ;- ;20;- 
Övrig stöld av drivmedel (även diesel);341;5;3;3;6;10;11;41;58;99;67;25;13;- ;48;293;- 
Genom smitning (från bensinstation);214;- ;1;2;4;6;7;32;44;56;37;16;9;- ;35;179;- 
Ej genom smitning;129;5;2;1;2;4;4;9;14;44;30;9;5;- ;14;115;- 
I skola, kyrka, idrottsanläggning och lokal för kultur;270;33;35;19;22;6;3;22;34;49;24;16;7;- ;45;225;- 
I skola, bibliotek, fritidshem m.m.;113;23;22;11;9;4;1;5;13;14;6;3;2;- ;14;99;- 
I idrottsanläggning, kyrka, museum m.m.;158;10;13;8;13;2;2;17;21;36;18;13;5;- ;31;127;- 
I hotell, kafé, restaurang, biograf, teater, nöjes-, samlings- och ungdomslokal m.m.;440;15;13;11;11;10;9;53;74;121;69;35;18;1;102;338;- 
I butik, varuhus o.d.;17 437;1 235;994;644;383;377;393;1 560;2 000;3 902;2 659;1 877;1 356;57;6 768;10 668;1
I industri, verkstad, byggplats, lager, hamnområde, kontor m.m.;445;6;14;4;10;7;14;42;65;132;89;41;21;- ;56;388;1
I kontor;129;- ;3;4;1;- ;3;14;21;35;31;15;2;- ;27;102;- 
Övrigt;318;6;11;- ;9;7;11;29;44;98;58;26;19;- ;29;288;1
I bostad m.m.;1 456;17;34;23;29;37;40;161;210;432;272;136;59;6;465;991;- 
I bostad (lägenhet, villa);1 423;17;34;23;28;37;39;160;206;418;263;135;57;6;460;963;- 
Mot äldre/funktionsnedsatt;334;3;3;1;5;7;8;31;38;84;76;57;19;2;154;180;- 
Mot ej äldre/funktionsnedsatt;1 106;14;31;22;23;30;32;133;171;337;192;79;38;4;311;795;- 
I källare och på vind;37;- ;- ;- ;1;- ;1;1;4;18;9;1;2;- ;6;31;- 
Väskryckning (inte rån);89;6;3;4;7;6;6;11;15;13;13;4;1;- ;13;76;- 
Mot äldre/funktionsnedsatt;19;1;1;2;1;- ;2;1;4;3;4;- ;- ;- ;3;16;- 
Mot ej äldre/funktionsnedsatt;70;5;2;2;6;6;4;10;11;10;9;4;1;- ;10;60;- 
Fickstöld;785;48;49;33;39;32;26;102;101;170;108;46;26;5;122;663;- 
Mot äldre/funktionsnedsatt;147;8;4;7;2;4;5;18;21;28;28;12;10;- ;28;119;- 
Mot ej äldre/funktionsnedsatt;667;41;46;28;37;30;24;88;82;148;87;34;17;5;98;569;- 
Övrigt;2 990;88;82;64;60;73;78;279;417;831;534;321;154;9;669;2 318;3
Rån inkl. grovt (5, 6 §);2 960;240;276;239;233;204;185;520;403;397;171;55;16;21;277;2 683;- 
Bankrån;5;- ;- ;- ;- ;- ;- ;2;2;1;- ;- ;- ;- ;- ;5;- 
Med användning av skjutvapen;4;- ;- ;- ;- ;- ;- ;1;2;1;- ;- ;- ;- ;- ;4;- 
Utan användning av skjutvapen;1;- ;- ;- ;- ;- ;- ;1;- ;- ;- ;- ;- ;- ;- ;1;- 
Butiksrån;325;9;14;11;15;22;18;67;65;67;26;8;2;1;35;290;- 
Med användning av skjutvapen;75;- ;5;3;8;7;12;17;12;8;3;- ;- ;- ;6;69;- 
Utan användning av skjutvapen;255;9;9;8;9;15;6;52;53;59;24;8;2;1;29;226;- 
Rån mot värdebefordran;- ;- ;- ;- ;- ;- ;- ;- ;- ;- ;- ;- ;- ;- ;- ;- ;- 
Med användning av skjutvapen;- ;- ;- ;- ;- ;- ;- ;- ;- ;- ;- ;- ;- ;- ;- ;- ;- 
Utan användning av skjutvapen;- ;- ;- ;- ;- ;- ;- ;- ;- ;- ;- ;- ;- ;- ;- ;- ;- 
Rån mot värdetransport;2;- ;- ;- ;- ;- ;- ;- ;- ;- ;2;- ;- ;- ;- ;2;- 
Med användning av skjutvapen;2;- ;- ;- ;- ;- ;- ;- ;- ;- ;2;- ;- ;- ;- ;2;- 
Utan användning av skjutvapen;- ;- ;- ;- ;- ;- ;- ;- ;- ;- ;- ;- ;- ;- ;- ;- ;- 
Taxirån;16;1;1;1;2;1;1;4;2;2;1;- ;- ;- ;2;14;- 
Med användning av skjutvapen;2;- ;- ;- ;2;- ;- ;- ;- ;- ;- ;- ;- ;- ;- ;2;- 
Utan användning av skjutvapen;14;1;1;1;- ;1;1;4;2;2;1;- ;- ;- ;2;12;- 
Rån mot privatperson (äldre/funktionsnedsatt);207;13;18;11;11;16;12;26;35;29;18;8;5;5;32;175;- 
Med användning av skjutvapen;46;2;4;2;5;8;2;4;12;2;1;1;1;2;4;42;- 
Utan användning av skjutvapen;161;11;14;9;6;8;10;22;23;27;17;7;4;3;28;133;- 
Rån mot privatperson (ej äldre/funktionsnedsatt);2 179;203;237;200;189;151;146;377;269;250;106;32;5;14;180;1 999;- 
Rån mot privatperson under 18 år;715;175;173;109;66;46;29;58;20;20;10;3;- ;6;44;671;- 
Utomhus;638;161;158;102;60;45;25;47;11;16;5;3;- ;5;41;597;- 
Med användning av skjutvapen;57;14;9;10;12;4;3;3;1;- ;1;- ;- ;- ;4;53;- 
Utan användning av skjutvapen;599;151;155;93;53;41;22;46;10;16;4;3;- ;5;37;562;- 
Inomhus;87;16;20;8;7;1;4;11;10;4;5;- ;- ;1;3;84;- 
Med användning av skjutvapen;6;2;1;- ;1;- ;1;1;- ;- ;- ;- ;- ;- ;1;5;- 
Utan användning av skjutvapen;81;14;19;8;6;1;3;10;10;4;5;- ;- ;1;2;79;- 
Rån mot privatperson 18 år eller äldre;1 529;32;72;103;131;110;125;335;251;232;96;29;5;8;138;1 391;- 
Utomhus;1 006;29;55;84;101;72;84;236;144;137;42;13;1;8;70;936;- 
Med användning av skjutvapen;140;4;9;14;21;11;10;24;29;15;1;1;- ;1;3;137;- 
Utan användning av skjutvapen;882;26;46;72;82;63;77;216;117;122;41;12;1;7;67;815;- 
Inomhus;572;3;18;21;33;43;47;112;113;106;55;16;4;1;70;502;- 
Med användning av skjutvapen;101;- ;5;6;11;10;15;24;9;15;5;1;- ;- ;5;96;- 
Utan användning av skjutvapen;473;3;13;15;22;33;34;88;104;91;50;15;4;1;65;408;- 
Övriga rån;430;27;26;33;34;34;22;82;58;73;26;9;4;2;37;393;- 
Med användning av skjutvapen;151;7;8;15;16;15;13;27;24;17;5;2;1;1;9;142;- 
Utan användning av skjutvapen;284;20;18;18;18;21;9;57;34;56;22;7;3;1;30;254;- 
Övriga brott mot 8 kap. (8-10 a §);2 593;58;38;39;31;33;49;208;305;689;515;366;254;8;586;2 007;- 
9 kap. Bedrägeri och annan oredlighet;18 731;337;369;391;645;658;675;2 502;3 021;4 919;2 833;1 598;738;45;4 770;13 948;13
Bedrägeri inkl. grovt, grovt fordringsbedrägeri (1-3 a §);12 451;189;237;237;498;465;477;1 715;2 052;3 175;1 819;1 035;528;24;3 798;8 648;5
Bedrägeri genom social manipulation;1 802;11;20;19;91;76;83;277;322;456;232;126;85;4;479;1 322;1
Romansbedrägeri;133;1;3;- ;2;2;3;18;21;45;21;7;7;3;54;79;- 
Mot äldre/funktionsnedsatt;43;- ;- ;- ;- ;- ;1;8;1;16;8;2;6;1;19;24;- 
Ej mot äldre/funktionsnedsatt;92;1;3;- ;2;2;2;10;20;30;14;5;1;2;36;56;- 
Investeringsbedrägeri;82;- ;- ;- ;2;1;- ;7;10;18;18;17;9;- ;17;64;1
Mot äldre/funktionsnedsatt;25;- ;- ;- ;- ;- ;- ;2;4;2;4;8;5;- ;4;20;1
Ej mot äldre/funktionsnedsatt;64;- ;- ;- ;2;1;- ;6;9;16;15;10;5;- ;13;51;- 
Befogenhetsbedrägeri;401;2;3;5;24;21;24;78;73;92;43;19;17;- ;100;301;- 
Mot äldre/funktionsnedsatt;257;1;3;5;21;16;17;58;48;46;21;10;11;- ;65;192;- 
Ej mot äldre/funktionsnedsatt;148;1;- ;- ;3;5;7;23;26;46;22;9;6;- ;35;113;- 
Av annan typ;1 296;9;14;16;65;55;64;201;236;331;159;91;54;1;333;963;- 
Mot äldre/funktionsnedsatt;528;4;7;12;30;24;33;93;90;111;53;47;24;- ;150;378;- 
Ej mot äldre/funktionsnedsatt;814;5;7;5;37;31;37;117;154;230;113;46;31;1;193;621;- 
Identitetsbedrägeri ;925;9;10;10;20;21;37;144;205;269;111;64;25;- ;240;685;- 
Mot äldre/funktionsnedsatt;149;- ;1;1;4;3;5;23;29;46;15;14;8;- ;46;103;- 
Ej mot äldre/funktionsnedsatt;795;9;9;9;17;20;32;124;178;228;99;53;17;- ;200;595;- 
Fakturabedrägeri;247;1;1;2;5;7;9;22;38;68;49;25;19;1;49;198;- 
Mot äldre/funktionsnedsatt;28;- ;- ;- ;1;4;1;3;6;6;6;- ;1;- ;2;26;- 
Ej mot äldre/funktionsnedsatt;227;1;1;2;4;4;8;19;34;65;45;25;18;1;48;179;- 
Kortbedrägeri (bank, betal- och kreditkort);1 276;35;30;41;50;44;53;176;171;308;184;129;51;4;323;953;- 
Med fysiskt kort;1 089;32;26;38;44;36;40;145;132;267;166;116;43;4;268;821;- 
Mot äldre/funktionsnedsatt;319;5;3;9;6;7;10;41;35;76;53;52;21;1;109;210;- 
Ej mot äldre/funktionsnedsatt;809;28;23;30;40;30;33;107;101;201;124;66;23;3;167;642;- 
Utan fysiskt kort;199;3;4;3;7;8;13;32;43;44;19;14;9;- ;57;142;- 
Annonsbedrägeri;5 219;91;116;113;259;237;219;782;925;1 371;657;311;134;4;1 810;3 408;1
Mot äldre/funktionsnedsatt;350;4;1;2;13;11;7;57;65;99;52;24;15;- ;106;244;- 
Ej mot äldre/funktionsnedsatt;5 128;89;115;112;256;234;218;772;909;1 346;642;301;130;4;1 778;3 349;1
Försäkringsbedrägeri;399;- ;- ;- ;2;3;6;42;82;127;66;46;25;- ;119;280;- 
Snyltningsbrott;250;6;6;3;6;9;9;32;34;69;34;28;14;- ;60;190;- 
Grovt fordringsbedrägeri;6;- ;- ;- ;- ;- ;- ;1;3;1;- ;1;- ;- ;- ;6;- 
Övrigt bedrägeri;3 663;47;61;60;97;102;117;504;555;967;623;335;185;10;1 055;2 605;3
Mot äldre/funktionsnedsatt;374;2;2;1;6;11;11;50;55;86;75;38;36;1;119;255;- 
Ej mot äldre/funktionsnedsatt;3 353;45;59;59;92;91;108;465;509;903;562;302;149;9;951;2 399;3
Subventionsmissbruk (3 b §);- ;- ;- ;- ;- ;- ;- ;- ;- ;- ;- ;- ;- ;- ;- ;- ;- 
Utpressning (4 §);2 200;82;64;84;88;95;104;379;366;495;240;134;58;11;322;1 876;2
Ocker (5 §);37;- ;- ;1;- ;- ;1;4;- ;7;13;6;5;- ;16;21;- 
Häleri, häleriförseelse (6, 7 §);4 966;71;82;93;96;131;132;547;804;1 533;879;444;145;9;758;4 203;5
Häleri, inkl. grovt (6 §);1 900;6;15;24;28;38;50;202;318;641;359;163;51;5;294;1 604;2
Häleriförseelse (7 §);3 561;66;69;74;74;96;91;387;585;1 074;621;316;104;4;515;3 043;3
Övriga brott mot 9 kap. (3 c, 8-10 §);363;2;- ;1;4;2;15;51;57;114;54;40;22;1;99;263;1
10 kap. Förskingring och annan trolöshet;4 158;64;70;71;79;87;86;363;529;1 052;858;562;332;5;1 090;3 067;1
Förskingring, grov förskingring, undandräkt (1-3 §);427;- ;- ;1;4;7;10;27;44;93;98;72;71;- ;148;279;- 
Olovligt förfogande (4 §);2 190;26;17;22;36;37;39;182;302;589;467;296;175;2;643;1 547;- 
Trolöshet mot huvudman (5 §);427;- ;- ;2;4;6;3;24;28;94;103;105;56;2;141;285;1
Tagande av muta inkl. grov (5 a, 5 c §);77;- ;- ;- ;- ;- ;- ;5;9;22;22;12;6;1;12;64;1
Givande av muta inkl. grov (5 b, 5 c §);74;- ;1;- ;1;1;- ;6;6;25;22;8;4;- ;8;66;- 
Handel med inflytande och/eller vårdslös finansiering av mutbrott (5 d, 5 e §);11;- ;- ;- ;- ;- ;- ;5;2;- ;- ;3;- ;1;1;10;- 
Olovligt brukande (7 §) ;994;37;52;47;31;33;33;114;140;248;151;82;26;- ;150;844;- 
Fyndförseelse (8 §);94;1;- ;- ;3;4;1;7;13;26;24;10;5;- ;18;76;- 
Behörighetsmissbruk (6 §);25;- ;- ;- ;- ;1;3;3;3;4;7;3;1;- ;5;20;- 
11 kap. Brott mot borgenärer m.m.;4 400;- ;1;1;17;18;17;182;405;1 170;1 199;928;460;2;839;3 506;55
Oredlighet mot borgenärer (1, 2 §) ;230;- ;- ;- ;- ;1;- ;12;24;55;56;62;20;- ;50;178;2
Försvårande av konkurs eller exekutiv förrättning (2 §);17;- ;- ;- ;- ;- ;- ;- ;3;3;6;2;3;- ;3;14;- 
Vårdslöshet mot borgenärer (3 §);10;- ;- ;- ;- ;- ;- ;- ;1;1;1;5;2;- ;1;9;- 
Otillbörligt gynnande av borgenär (4 §);37;- ;- ;- ;- ;1;- ;- ;1;6;14;11;4;- ;5;32;- 
Bokföringsbrott (5 §);4 313;- ;1;1;17;18;18;179;393;1 152;1 176;906;450;2;819;3 439;55
12 kap. Skadegörelsebrott;10 002;556;423;364;361;305;311;1 153;1 447;2 380;1 402;828;460;12;1 671;8 329;2
Skadegörelse, grov skadegörelse, åverkan (1-3 §);9 988;556;423;364;361;305;311;1 152;1 447;2 380;1 397;824;456;12;1 667;8 319;2
Genom brand;361;77;35;32;9;9;17;25;37;52;40;13;14;1;60;301;- 
Bilbrand eller brand på andra motorfordon;82;2;2;4;1;3;10;11;18;14;10;5;2;- ;10;72;- 
Brand på annat än motorfordon;283;76;33;28;8;6;7;16;19;38;31;8;12;1;50;233;- 
På motorfordon (ej genom brand);1 962;100;77;78;83;79;72;218;292;447;272;153;90;1;255;1 707;- 
Klotter mot kollektivtrafik;167;9;7;7;1;6;7;31;41;40;15;1;1;1;15;152;- 
Övrigt klotter;735;42;45;42;42;20;21;101;137;178;59;31;17;- ;98;637;- 
Mot stat, kommun, landsting (ej klotter);973;154;66;48;42;32;36;107;124;188;84;64;27;1;107;866;- 
Annan skadegörelse (ej klotter);6 655;212;222;188;202;190;188;782;976;1 703;1 044;613;327;8;1 217;5 436;2
Tagande av olovlig väg (4 §);21;- ;- ;1;1;- ;- ;2;3;- ;6;4;4;- ;5;16;- 
13-15 kap. Brott mot allmänheten;7 800;91;145;203;180;180;239;876;1 163;2 018;1 261;778;573;93;2 195;5 588;17
13 kap. Allmänfarliga brott;1 972;49;67;58;59;42;60;198;248;367;249;235;337;3;540;1 432;- 
Mordbrand, grov mordbrand (1, 2 §);355;21;17;22;10;7;14;35;40;83;46;39;20;1;70;285;- 
Allmänfarlig ödeläggelse (3 §);150;1;4;8;4;5;9;28;30;34;19;6;2;- ;16;134;- 
Genom sprängning;138;1;4;8;4;4;8;25;26;32;18;6;2;- ;15;123;- 
Fullbordat brott;30;1;2;2;2;- ;1;7;6;5;3;1;- ;- ;4;26;- 
Försök m.m. till brott;44;- ;1;1;1;3;- ;7;8;13;6;3;1;- ;4;40;- 
Ej genom sprängning;15;- ;- ;- ;- ;1;1;4;5;3;1;- ;- ;- ;1;14;- 
Sabotage mot blåljusverksamhet inkl. grovt (5 c §);390;16;28;27;34;18;24;58;75;60;27;14;8;1;43;347;- 
Allmänfarlig vårdslöshet (6 §);1 064;11;14;3;12;12;14;75;100;186;156;174;306;1;405;659;- 
Vållande av brand;931;8;8;2;10;8;14;65;87;170;132;153;273;1;366;565;- 
Annan allmänfarlig vårdslöshet;136;3;6;1;3;4;- ;10;13;16;24;21;35;- ;40;96;- 
Spridande av gift eller smitta, förgöring, vårdslöshet med gift eller smittämne (7-9 §);12;- ;- ;- ;- ;- ;- ;1;1;5;1;3;1;- ;6;6;- 
Övriga brott mot 13 kap. (4-5 b, 10 §);15;- ;4;- ;- ;- ;- ;1;4;2;2;2;- ;- ;1;14;- 
14 kap. Förfalskningsbrott;3 886;23;32;50;56;71;104;460;636;1 161;720;357;154;62;811;3 064;11
Urkundsförfalskning m.m. (1-4, 10 §);2 930;3;17;30;27;43;69;334;502;897;569;279;112;48;659;2 267;4
Check;6;- ;- ;- ;- ;1;- ;1;- ;2;- ;2;- ;- ;1;5;- 
Legitimationshandling;1 078;2;5;21;14;25;33;139;178;341;188;73;25;34;182;894;2
Handling som  använts för illegal invandring (pass, resedokument, uppehållstillstånd m.m.);335;2;2;3;6;11;11;52;59;92;56;16;10;15;92;242;1
Övrig legitimationshandling;749;- ;3;18;8;14;22;87;119;253;133;57;16;19;90;658;1
Övrig urkundsförfalskning;1 897;1;12;9;13;18;37;199;335;573;391;208;87;14;484;1 411;2
Signaturförfalskning (5, 10 §);3;- ;- ;- ;- ;- ;- ;- ;- ;- ;1;1;1;- ;- ;3;- 
Penningförfalskning m.m. (6, 7, 10, 11 §);399;13;10;15;21;14;18;80;61;77;34;23;24;9;74;319;6
Övriga brott mot 14 kap. (8-11 §) ;586;7;5;5;10;14;18;52;83;195;120;55;17;5;79;506;1
15 kap. Mened, falskt åtal m.m.;2 106;20;49;100;68;70;80;236;305;544;316;199;89;30;882;1 218;6
Mened, osann partsutsaga m.m. (1-3 §);174;4;2;4;8;12;9;25;30;29;20;17;12;2;51;121;2
Falsk tillvitelse, vårdslös tillvitelse (7 §);787;10;17;18;18;21;26;83;116;236;114;88;39;1;445;341;1
Missbruk av urkund avs. pass och övr. resedokument samt utfärdat pass på falska grunder (11, 12 §);603;3;19;58;28;25;31;81;91;145;61;27;8;26;176;426;1
Övriga brott mot 15 kap. (4 a, 4 b, 5, 6, 8-13 §);594;3;11;23;14;16;15;54;74;152;127;71;33;1;227;365;2
16-20 kap. Brott mot staten;13 520;455;432;440;489;462;480;1 713;1 957;2 988;1 898;1 314;843;49;2 168;11 349;3
16 kap. Brott mot allmän ordning;2 674;156;99;84;59;57;69;247;287;478;395;359;380;4;551;2 122;1
Falskt larm (15 § 1, 2 st.);376;15;9;10;11;9;9;46;46;77;72;39;33;- ;118;258;- 
Missbruk av larmanordning (15 § 3 st.);45;9;5;1;3;- ;1;4;4;5;8;2;3;- ;11;34;- 
Hets mot folkgrupp (8 §);252;50;16;12;3;7;5;9;14;36;26;36;38;- ;29;223;- 
Olaga diskriminering (9 §);3;- ;- ;- ;- ;- ;- ;2;- ;- ;- ;- ;1;- ;- ;3;- 
Barnpornografibrott (10 a §);970;73;56;47;28;26;30;87;95;185;148;111;82;2;66;904;- 
Internetrelaterat barnpornografibrott;682;51;39;35;19;14;20;65;69;136;108;79;45;2;47;635;- 
Övriga barnpornografibrott;341;27;18;17;10;12;11;26;32;63;49;35;41;- ;19;322;- 
Djurplågeri (13 §);694;2;2;3;- ;3;9;38;60;117;117;137;205;1;243;450;1
Övriga brott mot 16 kap. (1-6, 10-12, 14 §);351;9;11;12;14;12;15;62;72;62;28;35;18;1;86;265;- 
17 kap. Brott mot allmän verksamhet;10 737;315;342;361;437;410;420;1 471;1 654;2 474;1 460;908;443;42;1 527;9 209;1
Våld mot tjänsteman (1, 5 §);2 285;39;51;79;90;90;101;349;399;511;289;191;90;6;489;1 796;- 
Mot polis (1 §);813;23;18;33;33;33;36;96;138;191;104;80;26;2;194;619;- 
Mot ordningsvakt (1 §);707;- ;9;16;29;24;41;122;143;158;97;51;15;2;128;579;- 
Mot annan person (1, 5 §) ;847;17;25;33;32;35;30;140;140;180;99;64;50;2;195;652;- 
Hot m.m. mot tjänsteman (1, 2, 5 §);3 340;70;76;88;116;113;132;455;533;780;485;320;164;8;432;2 907;1
Våldsamt motstånd (4, 5 §);3 893;71;100;119;154;150;152;608;703;928;498;289;112;9;509;3 384;- 
Övergrepp i rättssak (10 §);3 458;175;166;140;155;150;127;413;460;805;473;247;127;20;408;3 050;- 
Övriga brott mot 17 kap. (8, 9, 11-13, 15 §);454;9;21;29;28;13;22;57;67;87;52;50;16;3;96;358;- 
18 kap. Högmålsbrott;2;- ;- ;- ;1;- ;- ;- ;- ;1;- ;- ;- ;- ;1;1;- 
19 kap. Brott mot rikets säkerhet;9;- ;- ;- ;- ;- ;- ;- ;1;5;3;- ;- ;- ;1;8;- 
20 kap. Tjänstefel m.m.;312;- ;- ;- ;- ;- ;1;21;51;74;70;64;28;3;113;198;1
Tjänstefel inkl.grovt (1 §);236;- ;- ;- ;- ;- ;1;16;38;62;51;49;17;2;72;164;- 
Brott mot tystnadsplikt (3 §);77;- ;- ;- ;- ;- ;- ;5;13;13;19;15;11;1;42;34;1
22 kap. Om landsförräderi m.m.;5;- ;- ;- ;- ;- ;- ;1;2;2;- ;- ;- ;- ;1;4;- 
Brott mot specialstraffrättsliga författningar;102 946;2 292;2 819;2 948;3 818;4 064;4 144;15 068;15 260;23 079;13 874;8 876;6 144;560;18 915;83 654;377
Brott mot trafikbrottslagen;35 063;931;1 083;793;903;1 086;1 130;4 492;4 793;7 761;5 187;3 774;3 080;50;4 676;30 381;6
Grov vårdslöshet i trafik (1 § 2 st.);869;23;15;23;50;38;33;147;139;195;106;54;42;4;68;800;1
Olovlig  körning, grov olovlig körning (3 § 1 st.);18 591;816;931;699;431;451;524;2 123;2 417;4 373;2 723;1 803;1 280;20;2 064;16 527;- 
Rattfylleri, grovt rattfylleri (4, 4 a §);7 531;52;82;61;89;126;137;442;654;1 513;1 554;1 510;1 295;16;1 002;6 527;2
Rattfylleri under påverkan av narkotika (4 § 2 st.);12 651;32;74;86;477;629;648;2 591;2 504;3 162;1 417;732;293;6;1 470;11 179;2
Smitning, trafikolycka (5 §);2 024;34;26;40;77;48;44;166;179;352;307;259;483;9;392;1 631;1
Med betydande materialskador, personskador eller dödligt utfall;364;7;9;17;24;12;9;37;39;77;57;40;34;2;42;322;- 
Med inga eller lindriga material- och personskador;1 672;27;17;23;53;38;36;130;142;278;251;219;451;7;350;1 321;1
Övriga brott (3 § 2 och 3 st.);1 317;48;53;28;31;24;28;110;110;241;318;215;109;2;443;874;- 
Brott mot narkotikastrafflagen;56 047;1 139;1 562;2 010;2 899;3 075;3 174;11 059;9 962;12 014;5 406;2 539;987;221;8 598;47 347;102
Överlåtelse m.m. (1-3 a §);5 415;90;116;206;267;292;317;1 137;1 006;1 113;468;230;111;62;734;4 636;45
Innehav (1-3 §);34 043;541;811;1 110;1 622;1 839;1 879;6 734;6 251;7 430;3 397;1 661;654;114;4 931;29 053;59
Eget bruk (1-3 §);40 857;901;1 261;1 599;2 333;2 402;2 444;8 353;7 419;8 527;3 579;1 500;492;47;6 204;34 653;- 
Framställning (1-3 §);763;1;1;3;9;12;15;90;147;240;136;70;39;- ;149;614;- 
Brott mot miljöbalken (29 kap.);964;2;1;7;8;9;5;26;61;142;185;185;157;176;133;664;167
Miljöbrott inkl. grovt miljöbrott (1 §);234;- ;- ;1;1;2;- ;5;12;34;46;63;37;33;31;171;32
Brott eller förseelse mot områdesskydd (2, 2 a §);273;- ;- ;- ;3;- ;- ;4;13;38;59;71;54;31;64;180;29
Artskydd inkl grovt (2 b §);69;- ;- ;1;- ;- ;- ;4;5;11;15;8;11;14;15;42;12
Otillåten hantering av invasiv främmande art (2 c §);4;- ;- ;- ;- ;- ;- ;- ;1;- ;2;1;- ;- ;1;3;- 
Miljöfarlig eller olovlig kemikaliehantering (3, 3 a §);39;- ;- ;- ;- ;- ;- ;1;2;1;3;5;6;21;- ;18;21
Otillåten miljöverksamhet (4 § 1 st. 1-2 p.);164;- ;- ;- ;- ;- ;- ;1;6;14;23;28;32;60;6;101;57
Otillåten avfallstransport (4 a § 1-15 p.);68;1;- ;- ;- ;2;1;4;7;28;22;1;1;1;2;65;1
Försvårande av miljökontroll (5 §);18;- ;- ;- ;- ;- ;- ;- ;- ;1;5;4;3;5;2;12;4
Bristfällig miljöinformation (6 §);22;- ;- ;- ;- ;- ;- ;- ;- ;- ;1;- ;1;20;- ;2;20
Nedskräpning (7 §);151;1;1;5;4;5;4;7;24;21;21;25;30;3;21;127;3
Övriga brott mot miljöbalken (8 §);11;- ;- ;- ;- ;- ;- ;- ;- ;4;1;2;2;2;2;7;2
Brott mot skattebrottslagen (2-10 §);1 669;- ;1;1;2;8;20;78;170;451;460;315;159;4;346;1 318;5
Grovt skattebrott;453;- ;- ;- ;1;1;2;20;52;103;127;93;52;2;77;376;- 
Skattebrott (2 §), skatteförseelse (3 §), grovt skattebrott avseende mervärdesskattelagen (4 §);257;- ;- ;- ;- ;- ;3;7;29;76;71;45;26;- ;55;202;- 
Skattebrott (2 §), skatteförseelse (3 §), grovt skattebrott avseende övrig skattelagstiftninig (4 §);646;- ;- ;- ;1;2;13;33;68;169;185;115;60;- ;145;501;- 
Vårdslös skatteuppgift (5 §);3;- ;- ;- ;- ;- ;- ;1;- ;1;1;- ;- ;- ;- ;3;- 
Skatteavdragsbrott (6 §);6;- ;- ;- ;- ;- ;- ;- ;- ;4;- ;2;- ;- ;1;5;- 
Skatteredovisningsbrott (7 §), vårdslös skatteredovisning (8 §);14;- ;- ;- ;- ;- ;- ;1;- ;4;5;2;2;- ;1;13;- 
Försvårande av skattekontroll (10 §);735;- ;1;1;- ;6;5;29;64;215;207;144;61;2;147;583;5
Lagen om näringsförbud, överträdelse;51;- ;- ;- ;- ;- ;- ;- ;2;10;11;20;8;- ;6;45;- 
Aktiebolagslagen (30 kap.);266;- ;- ;- ;2;1;- ;12;31;81;61;55;23;- ;45;219;2
Underlåtenhet att föra/hålla aktiebok tillgänglig (1 § 1 st. 2 p.);3;- ;- ;- ;- ;- ;- ;- ;1;2;- ;- ;- ;- ;- ;3;- 
Brott mot låneförbud m.m. (1 § 1 st. 4 p.);75;- ;- ;- ;- ;- ;- ;2;8;21;21;17;6;- ;17;58;- 
Brott mot bulvan/målvaktsbestämmelser (1 § 3 st.);180;- ;- ;- ;2;1;- ;10;22;56;39;35;15;- ;26;153;1
Övriga brott mot aktiebolagslagen (1 § 1 st. 1 p., 3 p.);9;- ;- ;- ;- ;- ;- ;- ;- ;2;1;3;3;- ;2;6;1
Lag om straff för marknadsmissbruk på värdepappersmarknaden;127;- ;- ;- ;- ;1;- ;2;4;18;43;29;30;- ;12;113;2
Insiderbrott, inkl. grovt (1, 7 §);92;- ;- ;- ;- ;- ;- ;1;3;9;31;25;23;- ;10;80;2
Obehörigt röjande av insiderinformation (3 §);5;- ;- ;- ;- ;- ;- ;- ;- ;- ;3;2;- ;- ;- ;5;- 
Marknadsmanipulation, inkl. grov (4, 7 §);34;- ;- ;- ;- ;1;- ;1;1;9;11;4;7;- ;2;32;- 
Lag om straff för finansiering av särskilt allvarlig brottslighet i vissa fall m.m. (3-4 §);- ;- ;- ;- ;- ;- ;- ;- ;- ;- ;- ;- ;- ;- ;- ;- ;- 
Lag om straff för penningtvättsbrott;7 368;53;116;180;473;478;448;1 436;1 220;1 533;750;414;258;9;1 911;5 453;4
Penningtvättsbrott (3-4 §);6 050;42;96;159;434;415;395;1 243;1 007;1 200;567;288;201;3;1 614;4 436;- 
Penningtvättsbrott, grovt brott (5 §);822;1;1;3;12;21;27;98;137;240;140;90;49;3;187;634;1
Penningtvättsförseelse (6 §);321;11;21;16;28;33;18;66;46;50;13;13;6;- ;97;224;- 
Näringspenningtvätt (7 § 1-3 st);584;- ;2;5;8;25;24;87;126;138;89;55;22;3;94;487;3
Brott mot bidragsbrottslagen;7 523;1;2;3;18;42;72;515;1 202;2 876;1 706;823;262;1;3 406;4 116;1
Mot Försäkringskassan;4 819;- ;1;1;6;8;20;264;727;2 013;1 145;524;110;- ;2 288;2 531;- 
Mot kommunerna;958;1;1;2;11;16;21;78;123;290;237;141;37;- ;455;503;- 
Mot a-kassorna och Arbetsförmedlingen;1 178;- ;- ;- ;- ;2;2;39;188;464;299;149;35;- ;453;725;- 
Mot PPM, CSN och Migrationsverket;667;- ;- ;- ;1;17;30;138;173;154;50;18;85;1;256;410;1
Lag om straff för smuggling (3-14 §);2 094;22;19;37;33;51;52;239;304;609;385;231;109;3;272;1 797;25
Smugglingsbrott, olovlig in- och utförsel (3-5, 7, 14 §);680;9;11;16;5;13;12;44;67;182;160;103;57;1;92;577;11
Narkotikasmuggling, olovlig in- och utförsel (6, 7 §);1 165;7;6;20;23;34;36;181;217;372;156;78;33;2;152;1 002;11
Vapensmuggling, olovlig in- och utförsel (6 a, 7 §);54;2;- ;1;- ;1;- ;4;7;22;9;5;3;- ;3;48;3
Smuggling av explosiv vara, olovlig in- och utförsel (6 b, 7 §);18;6;1;2;1;- ;- ;- ;- ;3;1;4;- ;- ;- ;18;- 
Tullbrott och vårdslös tullredovisning (8-11, 14 §);111;- ;- ;- ;1;1;2;2;11;23;35;25;11;- ;20;88;3
Olovlig befattning med smuggelgods (12-14 §);188;- ;1;- ;3;5;3;18;12;40;49;38;19;- ;29;159;- 
Lagen om punktskattekontroll (5 kap. 1, 1 a-c §);241;- ;- ;- ;2;7;2;11;24;60;65;51;18;1;27;209;5
Lagen om kontroll av narkotika (13 §);- ;- ;- ;- ;- ;- ;- ;- ;- ;- ;- ;- ;- ;- ;- ;- ;- 
Alkohollagen (11 kap.);476;8;12;13;37;22;22;66;33;75;76;63;48;1;53;422;1
Olovlig befattning med sprit genom tillverkning, inkl. grov (1 § 1 p., 2 , 4 §);69;- ;- ;- ;- ;- ;- ;6;3;14;18;17;11;- ;6;63;- 
Olovlig befattning med olovligt tillverkad sprit genom förvärv, innehav m.m. (1 § 2 p., 4 §);83;2;2;2;10;3;- ;10;6;11;12;14;11;- ;10;73;- 
Olovlig försäljning av alkohol inkl. grov, olovligt innehav av alkohol (3, 4, 6 §);188;5;5;7;15;8;4;18;16;26;34;29;21;- ;19;169;- 
Olovlig vin- och öltillverkning m.m. (5 §);12;- ;- ;- ;- ;- ;- ;1;- ;2;1;4;4;- ;2;10;- 
Olovligt anskaffande av alkohol, olovlig hantering av alkohol (7, 9 §);167;1;5;4;13;11;18;33;11;30;20;12;8;1;22;144;1
Olovlig försäljning av teknisk sprit m.m. (8 §);5;- ;- ;- ;2;- ;- ;- ;- ;- ;2;1;- ;- ;1;4;- 
Tobakslagen;150;- ;- ;1;3;- ;1;4;14;46;45;26;10;- ;24;126;- 
Lag om förbud mot vissa hälsofarliga varor (3 § 1 st. och 4 §);54;- ;- ;- ;1;1;3;4;11;18;13;1;2;- ;8;46;- 
Lag om brandfarliga och explosiva varor (6 §, 16 § 1 st, 28 § 1 st, 29 § 2 st, 29 a §);241;7;6;14;11;11;9;33;34;47;37;18;14;- ;21;220;- 
Läkemedelslag (16 kap. 1 §);58;- ;- ;1;- ;3;1;9;11;19;7;4;3;- ;10;48;- 
Lag om handel med läkemedel (9 kap. 1, 1 a §);18;- ;1;- ;- ;1;- ;4;5;1;4;1;1;- ;2;16;- 
Lag om handel med vissa receptfria läkemedel (24 §);4;- ;- ;- ;- ;- ;- ;- ;- ;2;1;- ;1;- ;- ;4;- 
Vapenlagen (9 kap. 1-2 §);6 191;139;141;162;205;250;225;843;968;1 226;730;539;747;16;753;5 432;6
"Vapenbrott; innehav (1 §)";5 187;134;128;147;192;228;202;736;823;1 025;595;398;564;15;620;4 561;6
Av pistol, revolver, kpist;2 603;73;82;84;134;157;141;440;434;449;240;163;198;8;223;2 376;4
ej grovt brott;890;25;25;18;28;29;31;106;125;157;97;83;163;3;86;803;1
grovt brott, synnerligen grovt brott;1 758;48;60;68;109;127;112;347;319;300;148;80;35;5;139;1 616;3
Av jaktvapen;514;1;3;5;3;6;11;18;32;77;66;75;215;2;53;460;1
ej grovt brott;411;1;3;3;- ;1;8;13;18;53;49;62;198;2;38;372;1
grovt brott, synnerligen grovt brott;105;- ;- ;2;3;5;3;5;14;24;18;14;17;- ;15;90;- 
Av annat vapen;2 365;65;49;66;64;77;64;333;416;555;320;180;171;5;359;2 005;1
ej grovt brott;1 927;58;42;51;39;54;46;242;320;477;274;165;157;2;317;1 610;- 
grovt brott, synnerligen grovt brott;471;7;7;17;26;24;18;98;102;87;52;16;14;3;46;424;1
"Vapenbrott; överlåtelse, utlåning av skjutvapen (1 §)";54;- ;- ;- ;- ;1;- ;- ;2;8;9;14;20;- ;6;48;- 
ej grovt brott;48;- ;- ;- ;- ;- ;- ;- ;1;5;8;14;20;- ;6;42;- 
grovt brott, synnerligen grovt brott;6;- ;- ;- ;- ;1;- ;- ;1;3;1;- ;- ;- ;- ;6;- 
Annat brott mot Vapenlagen (1 b, 2 §);1 336;6;14;21;22;33;43;162;220;271;181;162;200;1;160;1 176;- 
Lagen om förbud betr. knivar m.m. (1, 2, 4 §);8 916;228;235;196;301;344;339;1 280;1 390;2 211;1 292;775;310;15;825;8 091;- 
Jaktlagen (43, 44, 46 §);137;- ;- ;1;- ;3;- ;3;12;25;22;37;31;3;6;130;1
Illegal rovdjursjakt (varg, björn, järv, lodjur och kungsörn);22;- ;- ;1;- ;- ;- ;- ;4;2;5;8;1;1;- ;21;1
Övriga brott mot jaktlagen;117;- ;- ;- ;- ;3;- ;3;9;23;17;30;30;2;6;111;- 
Fiskelagen (37, 38, 40 §);250;1;1;- ;6;4;2;20;24;57;51;36;47;1;9;241;- 
Lagen om åtgärder mot förorening från fartyg;15;- ;- ;- ;- ;- ;- ;- ;- ;1;- ;5;6;3;- ;13;2
Arbetsmiljölagen (8 kap. 1,  2 §);5;- ;- ;- ;- ;- ;- ;- ;1;- ;1;1;- ;2;2;1;2
Utlänningslagen (20 kap. 2, 4-9 §);813;1;1;3;5;11;6;59;107;282;199;98;33;8;178;631;4
Uppsåtligen uppehåller sig i Sverige trots beslut om utvisning (2 §);70;- ;- ;- ;1;2;2;4;13;28;13;4;3;- ;4;66;- 
Har utlänning anställd som inte har rätt att vistas i Sverige, eller saknar arbetstillstånd (5 §);451;- ;- ;- ;2;3;1;21;36;153;131;79;21;4;93;357;1
Hjälp till utlänning att olovligen uppehålla sig i Sverige, annan EU-stat eller Schengenområdet (7 §);5;- ;- ;- ;- ;- ;- ;- ;- ;3;1;- ;1;- ;2;3;- 
Människosmuggling (8 §) ;140;1;- ;2;2;4;3;13;26;46;33;7;1;2;25;115;- 
Organiserande av människosmuggling (9 §);6;- ;- ;- ;- ;- ;- ;3;- ;1;1;1;- ;- ;1;5;- 
Övriga brott mot utlänningslagen (4, 6 §);152;- ;1;1;- ;2;- ;21;33;55;22;8;7;2;54;95;3
Lagen om kontaktförbud;737;2;6;3;3;8;8;52;95;241;157;100;62;- ;75;662;- 
Överträdelse av kontaktförbud med elektronisk övervakning (24 §);4;- ;- ;- ;- ;- ;- ;1;- ;1;2;- ;- ;- ;- ;4;- 
Överträdelse av kontaktförbud utan elektronisk övervakning (24 §);736;2;6;3;3;8;8;52;95;241;157;100;61;- ;75;661;- 
Mot barn under 18 år;31;- ;4;1;2;1;- ;3;1;7;6;4;2;- ;4;27;- 
Mot flicka under 18 år;22;- ;3;1;2;1;- ;3;- ;5;3;3;1;- ;3;19;- 
Mot pojke under 18 år;10;- ;1;- ;- ;- ;- ;- ;1;2;4;1;1;- ;2;8;- 
Mot kvinna 18 år eller äldre;638;1;1;2;1;4;6;45;82;222;141;84;49;- ;40;598;- 
Närstående genom parrelation;504;- ;1;2;1;3;3;33;63;182;127;63;26;- ;12;492;- 
Närstående genom släktskap/familj;56;- ;- ;- ;- ;- ;1;2;5;26;9;12;1;- ;10;46;- 
Annan sorts relation eller bekantskap;144;1;- ;- ;- ;3;3;11;22;42;22;17;23;- ;21;123;- 
Obekanta;33;1;- ;- ;- ;- ;- ;3;2;9;4;4;10;- ;11;22;- 
Mot man 18 år eller äldre;115;- ;1;- ;- ;2;1;6;15;31;22;22;15;- ;45;70;- 
Närstående genom parrelation;33;- ;- ;- ;- ;1;- ;2;5;10;9;3;3;- ;27;6;- 
Närstående genom släktskap/familj;22;- ;- ;- ;- ;- ;- ;- ;4;7;3;7;1;- ;5;17;- 
Annan sorts relation eller bekantskap;52;- ;- ;- ;- ;2;1;3;3;13;11;11;8;- ;19;33;- 
Obekanta;27;- ;1;- ;- ;- ;- ;2;4;8;3;5;4;- ;4;23;- 
Hindrande av elektronisk övervakning (25 §);6;- ;- ;- ;- ;- ;- ;- ;- ;1;3;- ;2;- ;- ;6;- 
Lagen om tillträdesförbud vid idrottsarrangemang;8;- ;- ;- ;- ;- ;- ;- ;2;4;- ;2;- ;- ;- ;8;- 
Kulturmiljölagen (2 kap. 21, 21 a §) ;45;1;2;- ;- ;- ;- ;- ;- ;3;7;12;8;12;7;28;10
Spellag (19 kap.);21;- ;- ;- ;- ;1;- ;- ;3;8;4;4;1;- ;1;20;- 
Olovlig spelverksamhet inkl. grovt (1, 3 §);16;- ;- ;- ;- ;1;- ;- ;1;5;4;4;1;- ;1;15;- 
Främjande av olovligt spel inkl. grovt (2, 3 §);4;- ;- ;- ;- ;- ;- ;- ;- ;3;- ;1;- ;- ;- ;4;- 
Spelfusk inkl. grovt (4, 5 §);4;- ;- ;- ;- ;- ;- ;- ;2;2;- ;- ;- ;- ;- ;4;- 
Lagen om förbud mot vissa dopningmedel (3 §);1 949;3;5;19;43;63;72;330;424;643;270;54;21;2;147;1 800;2
Överlåtelse inkl. grov (2 § 4, 5 p., 3, 3 a §);57;- ;- ;1;1;3;1;3;5;19;18;3;2;1;7;49;1
Innehav inkl. grov (2 § 6 p., 3, 3 a §);1 482;2;3;7;27;41;46;241;331;514;207;44;18;1;133;1 348;1
Eget bruk inkl. grov (2 § 7 p., 3, 3 a §);771;1;2;13;23;27;32;145;168;242;99;17;2;- ;18;753;- 
Framställning inkl. grov (2 § 3 p., 3, 3 a §);- ;- ;- ;- ;- ;- ;- ;- ;- ;- ;- ;- ;- ;- ;- ;- ;- 
Personuppgiftslagen (49 §);5;- ;- ;- ;- ;- ;- ;- ;- ;3;1;1;- ;- ;2;3;- 
Folkbokföringslagen (42 §);2 188;- ;- ;7;22;47;85;323;338;599;382;260;125;- ;512;1 676;- 
Övriga trafikbrott (ej TBL) med fängelse i straffskalan;79;- ;- ;- ;- ;1;- ;1;8;24;18;14;4;9;10;63;6
Sjölagen (20 kap.);172;- ;2;2;- ;1;2;13;12;20;39;53;26;2;5;166;1
Sjöfylleri (4, 5 §);125;- ;- ;2;- ;- ;1;11;8;16;31;40;16;- ;2;123;- 
Övriga brott mot sjölagen (1, 2, 6-9 §);61;- ;2;- ;- ;1;1;4;5;4;11;19;12;2;3;57;1
Lag om straff för folkmord, brott mot mänskligheten och krigsförbrytelser;19;- ;- ;- ;1;2;- ;7;2;1;4;2;- ;- ;7;12;- 
Folkmord (1 §);2;- ;- ;- ;- ;- ;- ;1;1;- ;- ;- ;- ;- ;1;1;- 
Brott mot mänskligheten (2 §);1;- ;- ;- ;- ;- ;- ;1;- ;- ;- ;- ;- ;- ;1;- ;- 
Krigsförbrytelse inkl. grov (4-11 §);12;- ;- ;- ;1;2;- ;4;2;1;1;1;- ;- ;7;5;- 
Övriga brott mot lag om straff för folkmord, brott mot mänskligheten och krigsförbrytelser;3;- ;- ;- ;- ;- ;- ;2;- ;- ;1;- ;- ;- ;- ;3;- 
Lagen med förbud mot könsstympning av kvinnor;27;- ;- ;- ;- ;- ;- ;- ;4;14;5;2;1;1;15;11;1
Lag om straff för terroristbrott (2, 4 §);6;- ;- ;- ;- ;- ;- ;- ;2;2;2;- ;- ;- ;2;4;- 
Lag om straff för offentlig uppmaning, rekrytering och utbildning avseende terroristbrott och annan särskild allvarlig brottslighet (2 b-5 b §);2;- ;- ;- ;1;- ;- ;- ;- ;- ;1;- ;- ;- ;- ;2;- 
Lag om vissa internationella sanktioner (8, 15 §);1;- ;- ;- ;- ;- ;- ;- ;- ;- ;1;- ;- ;- ;- ;1;- 
Ordningslagen (2 kap. 29 §, 5 kap. 3-5 §§);175;1;1;1;8;9;5;31;34;37;21;15;9;3;19;153;3
Brott mot upphovsrätten (Lag om upphovsrätt till litterära och konstnärliga verk m.m.);23;- ;- ;- ;1;- ;- ;2;3;5;5;5;2;- ;3;20;- 
Brott mot det industriella rättsskyddet (Patentlagen, lag om företagsnamn m.m.);24;- ;- ;- ;- ;- ;- ;2;1;11;4;2;4;- ;3;21;- 
Övriga författningar;1 664;22;18;26;39;27;31;127;170;351;316;273;237;27;350;1 290;24
